"n","f","taxon"
36,"Gesneriaceae","ACHIMENES 'Harry Williams'"
37,"Amaryllidaceae","ACIS autumnalis"
38,"Amaryllidaceae","ACIS autumnalis subsp. aportense"
39,"Amaryllidaceae","ACIS autumnalis subsp. oporantha"
40,"Amaryllidaceae","ACIS autumnalis subsp. oporantha f. dispathum"
41,"Amaryllidaceae","ACIS nicaeensis"
42,"Amaryllidaceae","ACIS rosea"
43,"Amaryllidaceae","ACIS tingitana"
44,"Amaryllidaceae","ACIS valentina"
81,"Ranunculaceae","ADONIS cyllenea"
82,"Ranunculaceae","ADONIS davidii"
83,"Ranunculaceae","ADONIS vernalis"
5018,"Ranunculaceae","ADONIS vernalis"
95,"Amaryllidaceae","AGAPANTHUS 'Cally Blue'"
96,"Amaryllidaceae","AGAPANTHUS 'Castle of Mey'"
97,"Amaryllidaceae","AGAPANTHUS 'Headbourne hybrids'"
98,"Amaryllidaceae","AGAPANTHUS campanulatus"
92,"Amaryllidaceae","AGAPANTHUS hyb. blue 45cm"
93,"Amaryllidaceae","AGAPANTHUS hyb. dark blue"
94,"Amaryllidaceae","AGAPANTHUS sp. blue"
114,"Asphodelaceae","ALBUCA canadensis"
115,"Asphodelaceae","ALBUCA humilis"
116,"Asphodelaceae","ALBUCA rupestris"
117,"Asphodelaceae","ALBUCA rupestris aff.  "
118,"Asphodelaceae","ALBUCA rupestris aff. JCA15856 white 15cm"
119,"Asphodelaceae","ALBUCA tenuifolia"
120,"Asphodelaceae","ALBUCA trichophylla"
130,"Amaryllidaceae","ALLIUM 'In Orbit'"
131,"Amaryllidaceae","ALLIUM 'Mount Everest'"
132,"Amaryllidaceae","ALLIUM acuminatum"
5020,"Amaryllidaceae","ALLIUM acuminatum"
133,"Amaryllidaceae","ALLIUM acutiflorum"
134,"Amaryllidaceae","ALLIUM aflatunense"
135,"Amaryllidaceae","ALLIUM altissimum 'Goliath'"
136,"Amaryllidaceae","ALLIUM altyncolicum"
137,"Amaryllidaceae","ALLIUM amphibolum"
5021,"Amaryllidaceae","ALLIUM amplectens"
138,"Amaryllidaceae","ALLIUM atrosanguineum"
139,"Amaryllidaceae","ALLIUM barsczewskii JCA17511"
140,"Amaryllidaceae","ALLIUM beesianum"
141,"Amaryllidaceae","ALLIUM bolanderi"
142,"Amaryllidaceae","ALLIUM brevicaule"
143,"Amaryllidaceae","ALLIUM caesium"
145,"Amaryllidaceae","ALLIUM carinatum"
144,"Amaryllidaceae","ALLIUM carinatum"
147,"Amaryllidaceae","ALLIUM carinatum subsp. pulchellum"
148,"Amaryllidaceae","ALLIUM carinatum subsp. pulchellum f. album"
146,"Amaryllidaceae","ALLIUM carinatum white"
149,"Amaryllidaceae","ALLIUM carolinianum"
150,"Amaryllidaceae","ALLIUM cernuum"
5022,"Amaryllidaceae","ALLIUM cernuum"
153,"Amaryllidaceae","ALLIUM cernuum 'Pink Giant'"
151,"Amaryllidaceae","ALLIUM cernuum dark"
152,"Amaryllidaceae","ALLIUM cernuum dark pink"
154,"Amaryllidaceae","ALLIUM cernuum f. album"
155,"Amaryllidaceae","ALLIUM circinatum"
156,"Amaryllidaceae","ALLIUM cowanii"
157,"Amaryllidaceae","ALLIUM cretaceum"
158,"Amaryllidaceae","ALLIUM crispum"
159,"Amaryllidaceae","ALLIUM cristophii"
160,"Amaryllidaceae","ALLIUM cyaneum"
161,"Amaryllidaceae","ALLIUM cyathophorum subsp. farreri"
162,"Amaryllidaceae","ALLIUM decipiens"
163,"Amaryllidaceae","ALLIUM dodecadondum"
164,"Amaryllidaceae","ALLIUM drummondii"
165,"Amaryllidaceae","ALLIUM erythraeum"
166,"Amaryllidaceae","ALLIUM falcifolium"
5023,"Amaryllidaceae","ALLIUM falcifolium"
167,"Amaryllidaceae","ALLIUM farreri"
168,"Amaryllidaceae","ALLIUM farreri cf."
169,"Amaryllidaceae","ALLIUM fistulosum"
170,"Amaryllidaceae","ALLIUM flavum"
171,"Amaryllidaceae","ALLIUM flavum subsp. flavum var. minus"
172,"Amaryllidaceae","ALLIUM galanthum"
173,"Amaryllidaceae","ALLIUM geyeri"
174,"Amaryllidaceae","ALLIUM giganteum"
175,"Amaryllidaceae","ALLIUM gomphrenoides"
176,"Amaryllidaceae","ALLIUM guttatum"
177,"Amaryllidaceae","ALLIUM heldreichii"
178,"Amaryllidaceae","ALLIUM hollandicum 'Purple Sensation'"
179,"Amaryllidaceae","ALLIUM huber-morathii"
180,"Amaryllidaceae","ALLIUM hymenorhizum"
181,"Amaryllidaceae","ALLIUM insubricum"
182,"Amaryllidaceae","ALLIUM karataviense"
183,"Amaryllidaceae","ALLIUM korolkowi"
184,"Amaryllidaceae","ALLIUM kurtzianum"
185,"Amaryllidaceae","ALLIUM lineare"
186,"Amaryllidaceae","ALLIUM lusitanicum"
187,"Amaryllidaceae","ALLIUM macranthum"
188,"Amaryllidaceae","ALLIUM mairei"
189,"Amaryllidaceae","ALLIUM moly"
190,"Amaryllidaceae","ALLIUM narcissiflorum"
191,"Amaryllidaceae","ALLIUM neriniflorum"
192,"Amaryllidaceae","ALLIUM nevskianum"
193,"Amaryllidaceae","ALLIUM nigrum aff."
194,"Amaryllidaceae","ALLIUM nutans"
195,"Amaryllidaceae","ALLIUM nutans ex Russia"
196,"Amaryllidaceae","ALLIUM obliquum"
197,"Amaryllidaceae","ALLIUM ochotense"
199,"Amaryllidaceae","ALLIUM oleraceum"
198,"Amaryllidaceae","ALLIUM oleraceum"
200,"Amaryllidaceae","ALLIUM oreophilum ex Kurdistan"
201,"Amaryllidaceae","ALLIUM ovalifolium"
202,"Amaryllidaceae","ALLIUM paradoxum"
203,"Amaryllidaceae","ALLIUM paradoxum subsp. normale"
204,"Amaryllidaceae","ALLIUM plummerae"
205,"Amaryllidaceae","ALLIUM prattii"
206,"Amaryllidaceae","ALLIUM przewalskianum"
207,"Amaryllidaceae","ALLIUM pseudojaponicum"
208,"Amaryllidaceae","ALLIUM pskemense"
209,"Amaryllidaceae","ALLIUM regelii"
210,"Amaryllidaceae","ALLIUM rosenbachianum"
212,"Amaryllidaceae","ALLIUM roseum"
211,"Amaryllidaceae","ALLIUM roseum"
213,"Amaryllidaceae","ALLIUM rotundum"
214,"Amaryllidaceae","ALLIUM sativum"
215,"Amaryllidaceae","ALLIUM saxatile"
216,"Amaryllidaceae","ALLIUM scabriflorum"
217,"Amaryllidaceae","ALLIUM schoenoprasum"
218,"Amaryllidaceae","ALLIUM schoenoprasum 'Forescate'"
219,"Amaryllidaceae","ALLIUM schoenoprasum 'Wallington White'"
220,"Amaryllidaceae","ALLIUM schoenoprasum subsp. sibiricum"
221,"Amaryllidaceae","ALLIUM schubertii"
222,"Amaryllidaceae","ALLIUM senescens"
223,"Amaryllidaceae","ALLIUM sewerzowi"
224,"Amaryllidaceae","ALLIUM shelkovnikovi"
225,"Amaryllidaceae","ALLIUM siculum"
226,"Amaryllidaceae","ALLIUM sikkimense"
129,"Amaryllidaceae","ALLIUM sp. August fl"
227,"Amaryllidaceae","ALLIUM sphaerocephalon ex Gran Sasso"
228,"Amaryllidaceae","ALLIUM splendens"
229,"Amaryllidaceae","ALLIUM stellatum"
230,"Amaryllidaceae","ALLIUM stipitatum"
231,"Amaryllidaceae","ALLIUM strictum"
232,"Amaryllidaceae","ALLIUM subhirsutum"
233,"Amaryllidaceae","ALLIUM subvillosum"
234,"Amaryllidaceae","ALLIUM suworowi"
235,"Amaryllidaceae","ALLIUM szovitsii"
236,"Amaryllidaceae","ALLIUM tanguticum"
237,"Amaryllidaceae","ALLIUM togashii"
238,"Amaryllidaceae","ALLIUM tricoccum"
239,"Amaryllidaceae","ALLIUM tschimganicum"
240,"Amaryllidaceae","ALLIUM tuberosum"
241,"Amaryllidaceae","ALLIUM unifolium"
242,"Amaryllidaceae","ALLIUM validum"
243,"Amaryllidaceae","ALLIUM victorialis"
5024,"Amaryllidaceae","ALLIUM victorialis"
244,"Amaryllidaceae","ALLIUM victorialis subsp. platyphyllum"
245,"Amaryllidaceae","ALLIUM victorialis subsp. platyphyllum ex Japan"
246,"Amaryllidaceae","ALLIUM wallichii"
247,"Amaryllidaceae","ALLIUM zebdanense"
252,"Alstroemeriaceae","ALSTROEMERIA angustifolia"
253,"Alstroemeriaceae","ALSTROEMERIA aurea"
250,"Alstroemeriaceae","ALSTROEMERIA hybs. orange"
254,"Alstroemeriaceae","ALSTROEMERIA ligtu hybrids"
255,"Alstroemeriaceae","ALSTROEMERIA patagonica"
251,"Alstroemeriaceae","ALSTROEMERIA sp. yellow 30cm"
273,"Colchicaceae","ANDROCYMBIUM striatum"
304,"Ranunculaceae","ANEMONE 'Wild Swan'"
305,"Ranunculaceae","ANEMONE altaica"
306,"Ranunculaceae","ANEMONE barbulata"
307,"Ranunculaceae","ANEMONE canadensis"
308,"Ranunculaceae","ANEMONE coronaria"
309,"Ranunculaceae","ANEMONE coronaria red"
310,"Ranunculaceae","ANEMONE crinita"
311,"Ranunculaceae","ANEMONE cylindrica"
312,"Ranunculaceae","ANEMONE drummondii"
313,"Ranunculaceae","ANEMONE fasciculata"
314,"Ranunculaceae","ANEMONE filisecta"
315,"Ranunculaceae","ANEMONE hortensis"
317,"Ranunculaceae","ANEMONE leveillei"
318,"Ranunculaceae","ANEMONE lithophila"
319,"Ranunculaceae","ANEMONE multifida"
320,"Ranunculaceae","ANEMONE multifida 'Major'"
321,"Ranunculaceae","ANEMONE multifida f. rubra"
322,"Ranunculaceae","ANEMONE narcissiflora"
323,"Ranunculaceae","ANEMONE narcissiflora subsp. biarmiensis"
324,"Ranunculaceae","ANEMONE obtusiloba"
325,"Ranunculaceae","ANEMONE obtusiloba 'Kari'"
326,"Ranunculaceae","ANEMONE palmata"
327,"Ranunculaceae","ANEMONE parviflora"
328,"Ranunculaceae","ANEMONE pavonina"
329,"Ranunculaceae","ANEMONE pavonina hardy"
330,"Ranunculaceae","ANEMONE polyanthes"
331,"Ranunculaceae","ANEMONE rivularis"
332,"Ranunculaceae","ANEMONE rivularis aff."
333,"Ranunculaceae","ANEMONE sherriffii"
303,"Ranunculaceae","ANEMONE sp. cream 60cm"
334,"Ranunculaceae","ANEMONE sylvestris"
335,"Ranunculaceae","ANEMONE tetonensis"
336,"Ranunculaceae","ANEMONE trullifolia"
337,"Ranunculaceae","ANEMONE trullifolia subsp. linearis"
338,"Ranunculaceae","ANEMONE vitifolia"
316,"Ranunculaceae","ANEMONE x lesseri"
352,"Asphodelaceae","ANTHERICUM baeticum"
353,"Asphodelaceae","ANTHERICUM liliago"
354,"Asphodelaceae","ANTHERICUM liliago f. major"
355,"Asphodelaceae","ANTHERICUM ramosum"
437,"Araceae","ARISAEMA amurense"
438,"Araceae","ARISAEMA ciliatum"
439,"Araceae","ARISAEMA ciliatum subsp. liubaense"
440,"Araceae","ARISAEMA consanguineum"
441,"Araceae","ARISAEMA consanguineum cf."
442,"Araceae","ARISAEMA costatum CC6224"
443,"Araceae","ARISAEMA dracontium"
444,"Araceae","ARISAEMA flavum"
445,"Araceae","ARISAEMA flavum CC3946"
446,"Araceae","ARISAEMA flavum dwarf form"
447,"Araceae","ARISAEMA flavum subsp. abbreviatum"
448,"Araceae","ARISAEMA heterophyllum"
449,"Araceae","ARISAEMA jacquemontii ex Sikkim 4000m small"
450,"Araceae","ARISAEMA propinquum"
451,"Araceae","ARISAEMA robustum"
452,"Araceae","ARISAEMA tortuosum"
453,"Araceae","ARISAEMA triphyllum"
454,"Araceae","ARISAEMA yunnanense ACE111"
455,"Iridaceae","ARISTEA ecklonii"
456,"Iridaceae","ARISTEA grandis"
458,"Aristolochiaceae","ARISTOLOCHIA baetica"
459,"Aristolochiaceae","ARISTOLOCHIA manshuriensis"
471,"Asphodelaceae","ARTHROPODIUM candidum bronze"
472,"Asphodelaceae","ARTHROPODIUM candidum subsp. maculatum"
473,"Asphodelaceae","ARTHROPODIUM minus"
475,"Araceae","ARUM alpinum"
476,"Araceae","ARUM apulum"
477,"Araceae","ARUM concinnatum ex Crete"
478,"Araceae","ARUM creticum"
479,"Araceae","ARUM cyrenaicum"
480,"Araceae","ARUM dioscoridis"
481,"Araceae","ARUM dioscoridis subsp. syriacum"
483,"Araceae","ARUM hygrophilum"
482,"Araceae","ARUM hygrophilum"
484,"Araceae","ARUM italicum"
485,"Araceae","ARUM italicum subsp. italicum 'Marmoratum'"
486,"Araceae","ARUM maculatum"
487,"Araceae","ARUM orientale"
488,"Araceae","ARUM pictum"
489,"Araceae","ARUM purpureospathum"
490,"Araceae","ARUM purpureospathum"
474,"Araceae","ARUM sp."
5045,"Apocynaceae","ASCLEPIAS eriocarpa cf."
5046,"Apocynaceae","ASCLEPIAS eriocarpa/californica  mix?"
494,"Apocynaceae","ASCLEPIAS syriaca"
495,"Apocynaceae","ASCLEPIAS tuberosa"
498,"Asphodelaceae","ASPHODELINE liburnica"
499,"Asphodelaceae","ASPHODELINE lutea"
501,"Asphodelaceae","ASPHODELUS acaulis"
502,"Asphodelaceae","ASPHODELUS albus"
503,"Asphodelaceae","ASPHODELUS albus subsp. villarsii"
504,"Asphodelaceae","ASPHODELUS cerasiferus"
505,"Asphodelaceae","ASPHODELUS fistulosus"
506,"Asphodelaceae","ASPHODELUS microcarpus"
500,"Asphodelaceae","ASPHODELUS sp. yellow 60cm"
537,"Iridaceae","BABIANA rubrocyanea"
538,"Iridaceae","BABIANA stricta"
544,"Asphodelaceae","BARNARDIA japonica"
547,"Begoniaceae","BEGONIA pedatifida"
548,"Asphodelaceae","BELLEVALIA crassa aff. ex RR Wallis"
549,"Asphodelaceae","BELLEVALIA dubia subsp. hackelii"
550,"Asphodelaceae","BELLEVALIA hyacinthoides"
551,"Asphodelaceae","BELLEVALIA paradoxa"
552,"Asphodelaceae","BELLEVALIA pycnantha"
553,"Asphodelaceae","BELLEVALIA pycnantha 'Green Pearl'"
554,"Asphodelaceae","BELLEVALIA romana"
562,"Araceae","BIARUM tenuifolium subsp. abbreviatum"
565,"Orchidaceae","BLETILLA striata"
566,"Asphodelaceae","BLOOMERIA crocea"
569,"Alstroemeriaceae","BOMAREA caldasii"
568,"Alstroemeriaceae","BOMAREA sp. yellow  non-climbing"
576,"Asphodelaceae","BRIMEURA amethystina"
577,"Asphodelaceae","BRIMEURA amethystina dwarf exJJA"
578,"Asphodelaceae","BRIMEURA amethystina ex Hautes Pyrenees"
579,"Asphodelaceae","BRIMEURA amethystina f. alba"
5061,"Asphodelaceae","BRODIAEA californica"
582,"Asphodelaceae","BRODIAEA coronaria"
583,"Asphodelaceae","BRODIAEA elegans"
584,"Asphodelaceae","BRODIAEA jolonensis"
585,"Asphodelaceae","BRODIAEA stellaris"
591,"Asphodelaceae","BULBINE bulbosa"
592,"Asphodelaceae","BULBINE semibarbata"
593,"Asphodelaceae","BULBINELLA hookeri"
5062,"Liliaceae","CALOCHORTUS albus"
612,"Liliaceae","CALOCHORTUS albus subsp. rubellus"
5063,"Liliaceae","CALOCHORTUS amabilis"
613,"Liliaceae","CALOCHORTUS catalinae"
614,"Liliaceae","CALOCHORTUS clavatus"
615,"Liliaceae","CALOCHORTUS ghiesbreghtii"
5064,"Liliaceae","CALOCHORTUS invenustus"
5065,"Liliaceae","CALOCHORTUS invenustus cf."
5066,"Liliaceae","CALOCHORTUS leichtlinii"
5067,"Liliaceae","CALOCHORTUS luteus x superbus"
5068,"Liliaceae","CALOCHORTUS macrocarpus subsp. macrocarpus"
616,"Liliaceae","CALOCHORTUS obispoensis"
617,"Liliaceae","CALOCHORTUS palmeri"
5069,"Liliaceae","CALOCHORTUS palmeri subsp. palmeri"
618,"Liliaceae","CALOCHORTUS simulans"
619,"Liliaceae","CALOCHORTUS splendens"
5070,"Liliaceae","CALOCHORTUS splendens cf."
620,"Liliaceae","CALOCHORTUS striatus"
5071,"Liliaceae","CALOCHORTUS superbus"
621,"Liliaceae","CALOCHORTUS tiburonensis"
622,"Liliaceae","CALOCHORTUS venustus 'Cuddy Creek reds'"
623,"Liliaceae","CALOCHORTUS weedii subsp. weedii"
630,"Asphodelaceae","CAMASSIA cusickii"
631,"Asphodelaceae","CAMASSIA leichtlinii"
632,"Asphodelaceae","CAMASSIA leichtlinii cream"
635,"Asphodelaceae","CAMASSIA leichtlinii f. alba"
633,"Asphodelaceae","CAMASSIA leichtlinii mixed"
634,"Asphodelaceae","CAMASSIA leichtlinii pink"
636,"Asphodelaceae","CAMASSIA leichtlinii subsp. leichtlinii cream"
637,"Asphodelaceae","CAMASSIA leichtlinii subsp. suksdorfii"
638,"Asphodelaceae","CAMASSIA leichtlinii subsp. suksdorfii f. alba"
639,"Asphodelaceae","CAMASSIA quamash"
640,"Asphodelaceae","CAMASSIA quamash f. alba"
641,"Asphodelaceae","CAMASSIA quamash f. breviflora"
629,"Asphodelaceae","CAMASSIA sp. white"
716,"Cannaceae","CANNA brasiliensis"
719,"Brassicaceae","CARDAMINE enneaphyllos"
720,"Brassicaceae","CARDAMINE heptaphylla"
721,"Brassicaceae","CARDAMINE kitaibelii"
722,"Brassicaceae","CARDAMINE pentaphyllos"
723,"Liliaceae","CARDIOCRINUM cordatum"
724,"Liliaceae","CARDIOCRINUM cordatum subsp. glehnii"
725,"Liliaceae","CARDIOCRINUM giganteum"
726,"Liliaceae","CARDIOCRINUM giganteum subsp. yunnanense"
5076,"Orobanchaceae","CASTILLEJA angustifolia subsp. dubia"
5077,"Orobanchaceae","CASTILLEJA arachnoidea"
733,"Orobanchaceae","CASTILLEJA latifolia"
5078,"Orobanchaceae","CASTILLEJA linariifolia"
734,"Orobanchaceae","CASTILLEJA miniata x integra"
736,"Zingiberaceae","CAUTLEYA gracilis"
5103,"Asphodelaceae","CHLOROGALUM pomeridianum subsp. pomeridianum"
788,"Asphodelaceae","CHLOROPHYTUM saundersiae"
5111,"Liliaceae","CLINTONIA borealis"
860,"Amaryllidaceae","CLIVIA nobilis"
861,"Amaryllidaceae","CLIVIA nobilis orange"
862,"Campanulaceae","CODONOPSIS clematidea"
863,"Campanulaceae","CODONOPSIS convolvulacea"
864,"Campanulaceae","CODONOPSIS convolvulacea subsp. grey-wilsonii"
865,"Campanulaceae","CODONOPSIS convolvulacea subsp. grey-wilsonii 'Himal Snow'"
866,"Campanulaceae","CODONOPSIS convolvulacea subsp. grey-wilsonii 'Himal Snow'"
867,"Campanulaceae","CODONOPSIS forrestii"
868,"Campanulaceae","CODONOPSIS kawakamii"
869,"Campanulaceae","CODONOPSIS lanceolata"
870,"Campanulaceae","CODONOPSIS ovata"
871,"Campanulaceae","CODONOPSIS pilosula"
872,"Campanulaceae","CODONOPSIS subscaposa"
873,"Campanulaceae","CODONOPSIS vinciflora"
874,"Campanulaceae","CODONOPSIS viridiflora"
876,"Colchicaceae","COLCHICUM 'Glory of Heemstede'"
877,"Colchicaceae","COLCHICUM alpinum"
878,"Colchicaceae","COLCHICUM autumnale"
879,"Colchicaceae","COLCHICUM balansae"
880,"Colchicaceae","COLCHICUM boissieri"
881,"Colchicaceae","COLCHICUM byzantinum"
882,"Colchicaceae","COLCHICUM corsicum"
883,"Colchicaceae","COLCHICUM cupanii"
884,"Colchicaceae","COLCHICUM diampolis"
885,"Colchicaceae","COLCHICUM hungaricum"
886,"Colchicaceae","COLCHICUM kesselringii"
887,"Colchicaceae","COLCHICUM kotschyi"
888,"Colchicaceae","COLCHICUM laetum"
889,"Colchicaceae","COLCHICUM longifolium"
890,"Colchicaceae","COLCHICUM lusitanicum"
891,"Colchicaceae","COLCHICUM macrophyllum"
892,"Colchicaceae","COLCHICUM montanum"
893,"Colchicaceae","COLCHICUM multiflorum KEKE8508"
894,"Colchicaceae","COLCHICUM polyphyllum"
895,"Colchicaceae","COLCHICUM sfikasianum"
875,"Colchicaceae","COLCHICUM sp. (Merendera)"
896,"Colchicaceae","COLCHICUM speciosum"
898,"Colchicaceae","COLCHICUM speciosum 'Album'"
897,"Colchicaceae","COLCHICUM speciosum small form ex Georgia"
899,"Colchicaceae","COLCHICUM szovitsii 'Snow White'"
900,"Colchicaceae","COLCHICUM trigynum"
901,"Colchicaceae","COLCHICUM troodi"
907,"Commelinaceae","COMMELINA dianthifolia"
908,"Commelinaceae","COMMELINA dianthifolia 'Sapphirino'"
909,"Commelinaceae","COMMELINA tuberosa"
910,"Commelinaceae","COMMELINA tuberosa 'Coelestis Group'"
5112,"Asphodelaceae","CONVALLARIA majalis"
919,"Papaveraceae","CORYDALIS adunca"
920,"Papaveraceae","CORYDALIS artecristata"
921,"Papaveraceae","CORYDALIS barbisepala"
922,"Papaveraceae","CORYDALIS brunneovaginata"
923,"Papaveraceae","CORYDALIS bulleyana"
924,"Papaveraceae","CORYDALIS cheilanthifolia"
925,"Papaveraceae","CORYDALIS decipiens"
926,"Papaveraceae","CORYDALIS elata"
927,"Papaveraceae","CORYDALIS flexuosa 676"
928,"Papaveraceae","CORYDALIS foetida"
929,"Papaveraceae","CORYDALIS heterocarpa"
930,"Papaveraceae","CORYDALIS kokiana"
931,"Papaveraceae","CORYDALIS laucheana"
932,"Papaveraceae","CORYDALIS malkensis"
933,"Papaveraceae","CORYDALIS moupinensis"
934,"Papaveraceae","CORYDALIS nobilis"
935,"Papaveraceae","CORYDALIS nobilis cultivar A"
936,"Papaveraceae","CORYDALIS nobilis cultivar B"
937,"Papaveraceae","CORYDALIS ochroleuca"
938,"Papaveraceae","CORYDALIS ophiocarpa giant form"
939,"Papaveraceae","CORYDALIS pachycentra"
940,"Papaveraceae","CORYDALIS pallida"
941,"Papaveraceae","CORYDALIS petrophila"
942,"Papaveraceae","CORYDALIS pseudobarbisepala"
943,"Papaveraceae","CORYDALIS pseudorupestris"
944,"Papaveraceae","CORYDALIS quantmeyeriana pink"
945,"Papaveraceae","CORYDALIS rupestris"
946,"Papaveraceae","CORYDALIS sempervirens pink"
947,"Papaveraceae","CORYDALIS sempervirens white"
948,"Papaveraceae","CORYDALIS solida"
949,"Papaveraceae","CORYDALIS solida 'Beth Evans'"
950,"Papaveraceae","CORYDALIS stipulata"
951,"Papaveraceae","CORYDALIS taliensis mixed"
952,"Papaveraceae","CORYDALIS taliensis purple"
953,"Papaveraceae","CORYDALIS temulifolia"
954,"Papaveraceae","CORYDALIS terracina"
955,"Papaveraceae","CORYDALIS tomentella"
956,"Papaveraceae","CORYDALIS wilsonii"
957,"Asteraceae","COSMOS bipinnatus 'Cosmix Orange'"
958,"Asteraceae","COSMOS sulphureus Polidor mixed"
971,"Iridaceae","CROCOSMIA 'Lucifer'"
973,"Iridaceae","CROCOSMIA masoniorum"
972,"Iridaceae","CROCOSMIA x crocosmiiflora 'Coleton Fishacre'"
974,"Iridaceae","CROCUS 'Purple Heart'"
975,"Iridaceae","CROCUS abantensis"
976,"Iridaceae","CROCUS alatavicus"
977,"Iridaceae","CROCUS albiflorus"
978,"Iridaceae","CROCUS alexandri"
979,"Iridaceae","CROCUS angustifolius"
980,"Iridaceae","CROCUS asumaniae"
981,"Iridaceae","CROCUS banaticus"
982,"Iridaceae","CROCUS banaticus 'Snowdrift'"
983,"Iridaceae","CROCUS biflorus"
984,"Iridaceae","CROCUS cartwrightianus"
985,"Iridaceae","CROCUS caspius"
986,"Iridaceae","CROCUS clusii"
987,"Iridaceae","CROCUS dalmaticus 'Petrovac'"
988,"Iridaceae","CROCUS fleischeri"
989,"Iridaceae","CROCUS gilanicus"
990,"Iridaceae","CROCUS gilanicus x kotschyanus"
991,"Iridaceae","CROCUS goulimyi"
992,"Iridaceae","CROCUS goulimyi subsp. goulimyi 'Mani White'"
993,"Iridaceae","CROCUS goulimyi subsp. leucanthus"
995,"Iridaceae","CROCUS hadriaticus 'Jumbo'"
994,"Iridaceae","CROCUS hadriaticus dark tube"
996,"Iridaceae","CROCUS hartmannianus"
998,"Iridaceae","CROCUS heuffelianus"
997,"Iridaceae","CROCUS heuffelianus"
999,"Iridaceae","CROCUS kerndorffiorum"
1000,"Iridaceae","CROCUS kotschyanus"
1001,"Iridaceae","CROCUS kotschyanus subsp. suworowianus"
1002,"Iridaceae","CROCUS malyi"
1003,"Iridaceae","CROCUS mathewii"
1004,"Iridaceae","CROCUS michelsonii"
1005,"Iridaceae","CROCUS minutus"
1006,"Iridaceae","CROCUS niveus"
1007,"Iridaceae","CROCUS nudiflorus 'Orla'"
1008,"Iridaceae","CROCUS oreocreticus 'Florane'"
1009,"Iridaceae","CROCUS pallasii"
1010,"Iridaceae","CROCUS paschei"
1011,"Iridaceae","CROCUS pulchellus"
1012,"Iridaceae","CROCUS sieberi"
1013,"Iridaceae","CROCUS speciosus subsp. speciosus"
1014,"Iridaceae","CROCUS thomasii"
1015,"Iridaceae","CROCUS tommasinianus"
5121,"Iridaceae","CROCUS veluchensis"
1016,"Iridaceae","CROCUS vernus 'Grand Maitre'"
1017,"Iridaceae","CROCUS vernus subsp. albiflorus var.  'Delnice'"
1018,"Iridaceae","CROCUS versicolor"
1022,"Primulaceae","CYCLAMEN africanum"
1023,"Primulaceae","CYCLAMEN alpinum"
1024,"Primulaceae","CYCLAMEN balearicum"
1025,"Primulaceae","CYCLAMEN cilicium"
1026,"Primulaceae","CYCLAMEN cilicium KPPZ8050"
1027,"Primulaceae","CYCLAMEN cilicium f. album"
1028,"Primulaceae","CYCLAMEN colchicum"
1029,"Primulaceae","CYCLAMEN confusum"
1030,"Primulaceae","CYCLAMEN coum"
1038,"Primulaceae","CYCLAMEN coum 'Maurice Dryden'"
1039,"Primulaceae","CYCLAMEN coum 'Meaden's Crimson'"
1040,"Primulaceae","CYCLAMEN coum 'Porcelain'"
1041,"Primulaceae","CYCLAMEN coum 'Tilebarn Elizabeth'"
1031,"Primulaceae","CYCLAMEN coum CSE8397"
1033,"Primulaceae","CYCLAMEN coum NF5(11003)"
1032,"Primulaceae","CYCLAMEN coum ex Turkey Lake Abant"
1042,"Primulaceae","CYCLAMEN coum f. album silver leaf"
1034,"Primulaceae","CYCLAMEN coum pewter leaf"
1035,"Primulaceae","CYCLAMEN coum pink, green leaf"
1036,"Primulaceae","CYCLAMEN coum silver leaf"
1037,"Primulaceae","CYCLAMEN coum silver leaf purple fl"
1043,"Primulaceae","CYCLAMEN coum x drydeniae"
1044,"Primulaceae","CYCLAMEN creticum"
1045,"Primulaceae","CYCLAMEN cyprium"
1046,"Primulaceae","CYCLAMEN cyprium ES form"
1047,"Primulaceae","CYCLAMEN elegans"
1048,"Primulaceae","CYCLAMEN graecum"
1053,"Primulaceae","CYCLAMEN graecum 'Glyfada'"
1054,"Primulaceae","CYCLAMEN graecum 'Rhodopou'"
1050,"Primulaceae","CYCLAMEN graecum JJA363.022"
1051,"Primulaceae","CYCLAMEN graecum MELJ95065"
1049,"Primulaceae","CYCLAMEN graecum ex Monte Smith, Rhodes"
1055,"Primulaceae","CYCLAMEN graecum f. album JCA363.100"
1052,"Primulaceae","CYCLAMEN graecum ruby"
1056,"Primulaceae","CYCLAMEN graecum subsp. anatolicum"
1057,"Primulaceae","CYCLAMEN hederifolium"
1063,"Primulaceae","CYCLAMEN hederifolium 'Bowles Apollo'"
1064,"Primulaceae","CYCLAMEN hederifolium 'Lysander'"
1065,"Primulaceae","CYCLAMEN hederifolium 'Nettleton Silver'"
1066,"Primulaceae","CYCLAMEN hederifolium 'Red Sky'"
1067,"Primulaceae","CYCLAMEN hederifolium 'Ruby Glow'"
1068,"Primulaceae","CYCLAMEN hederifolium 'Ruby Strain'"
1069,"Primulaceae","CYCLAMEN hederifolium 'Silver Arrow'"
1070,"Primulaceae","CYCLAMEN hederifolium 'Silver Cloud'"
1071,"Primulaceae","CYCLAMEN hederifolium 'White Cloud'"
1058,"Primulaceae","CYCLAMEN hederifolium ex Croatia"
1072,"Primulaceae","CYCLAMEN hederifolium f. album"
1059,"Primulaceae","CYCLAMEN hederifolium long leaf"
1060,"Primulaceae","CYCLAMEN hederifolium pewter leaf"
1061,"Primulaceae","CYCLAMEN hederifolium silver leaf"
1073,"Primulaceae","CYCLAMEN hederifolium subsp. crassifolium"
1062,"Primulaceae","CYCLAMEN hederifolium white"
1075,"Primulaceae","CYCLAMEN intaminatum"
1076,"Primulaceae","CYCLAMEN libanoticum"
1078,"Primulaceae","CYCLAMEN mirabile"
1079,"Primulaceae","CYCLAMEN mirabile 'Tilebarn Nicholas'"
1080,"Primulaceae","CYCLAMEN parviflorum"
1081,"Primulaceae","CYCLAMEN persicum"
1082,"Primulaceae","CYCLAMEN persicum ex Israel high alt."
1083,"Primulaceae","CYCLAMEN persicum red (florists)"
1084,"Primulaceae","CYCLAMEN persicum white"
1085,"Primulaceae","CYCLAMEN pseudibericum"
1086,"Primulaceae","CYCLAMEN pseudibericum OS743"
1087,"Primulaceae","CYCLAMEN purpurascens"
1088,"Primulaceae","CYCLAMEN purpurascens 'Lake Bled form'"
1089,"Primulaceae","CYCLAMEN purpurascens 'Xmas tree'"
1090,"Primulaceae","CYCLAMEN repandum"
1091,"Primulaceae","CYCLAMEN rhodium subsp. peloponnesiacum"
1092,"Primulaceae","CYCLAMEN rhodium subsp. peloponnesiacum JJA368.009"
1093,"Primulaceae","CYCLAMEN rhodium subsp. peloponnesiacum f. album"
1094,"Primulaceae","CYCLAMEN rohlfsianum"
1074,"Primulaceae","CYCLAMEN x hildebrandii (afr. x hed. )"
1077,"Primulaceae","CYCLAMEN x meiklei (creticum x repandum)"
1095,"Primulaceae","CYCLAMEN x saundersiae (repandum x balearicum)"
1098,"Boraginaceae","CYNOGLOSSUM dioscoridis"
1099,"Boraginaceae","CYNOGLOSSUM nervosum"
1097,"Boraginaceae","CYNOGLOSSUM sp. pink"
1100,"Boraginaceae","CYNOGLOSSUM zeylanicum"
1101,"Iridaceae","CYPELLA caerulea"
1102,"Iridaceae","CYPELLA coelestis"
1103,"Iridaceae","CYPELLA herbertii"
5123,"Orchidaceae","CYPRIPEDIUM acaule"
1104,"Orchidaceae","CYPRIPEDIUM parviflorum subsp. pubescens"
1105,"Amaryllidaceae","CYRTANTHUS brachyscyphus"
1108,"Orchidaceae","DACTYLORHIZA elata"
1109,"Orchidaceae","DACTYLORHIZA foliosa"
1110,"Orchidaceae","DACTYLORHIZA maculata"
1111,"Orchidaceae","DACTYLORHIZA praetermissa"
1112,"Orchidaceae","DACTYLORHIZA purpurella"
1113,"Asteraceae","DAHLIA coccinea"
1114,"Asteraceae","DAHLIA imperialis"
1115,"Asteraceae","DAHLIA merckii"
1116,"Asteraceae","DAHLIA sorensenii"
1139,"Asphodelaceae","DAUBENYA aurea mixed"
1147,"Ranunculaceae","DELPHINIUM  mixed"
1151,"Ranunculaceae","DELPHINIUM 'Belladona Group'"
1152,"Ranunculaceae","DELPHINIUM brunonianum"
1153,"Ranunculaceae","DELPHINIUM caucasicum"
1154,"Ranunculaceae","DELPHINIUM confusum"
1155,"Ranunculaceae","DELPHINIUM decorum"
1156,"Ranunculaceae","DELPHINIUM dictyocarpum"
1157,"Ranunculaceae","DELPHINIUM elatum mixed blue "
1158,"Ranunculaceae","DELPHINIUM elatum pale blue"
1159,"Ranunculaceae","DELPHINIUM fissum ex Ukraine"
1160,"Ranunculaceae","DELPHINIUM grandiflorum"
1161,"Ranunculaceae","DELPHINIUM grandiflorum pale blue"
1148,"Ranunculaceae","DELPHINIUM hyb. white/black eye"
1162,"Ranunculaceae","DELPHINIUM iliense"
1163,"Ranunculaceae","DELPHINIUM kamaonense"
1164,"Ranunculaceae","DELPHINIUM leucophaeum"
1165,"Ranunculaceae","DELPHINIUM likiangense"
1166,"Ranunculaceae","DELPHINIUM luteum"
1167,"Ranunculaceae","DELPHINIUM maackianum"
1168,"Ranunculaceae","DELPHINIUM orfordii"
1169,"Ranunculaceae","DELPHINIUM pylzowii"
1170,"Ranunculaceae","DELPHINIUM requienii"
1171,"Ranunculaceae","DELPHINIUM semibarbatum"
1149,"Ranunculaceae","DELPHINIUM sp. blue"
1150,"Ranunculaceae","DELPHINIUM sp. blue 15cm"
1172,"Ranunculaceae","DELPHINIUM staphisagria"
1173,"Ranunculaceae","DELPHINIUM sutchuenense"
1174,"Ranunculaceae","DELPHINIUM taliense f. hirsutum"
1175,"Ranunculaceae","DELPHINIUM tatsienense"
1227,"Papaveraceae","DICENTRA cucullaria"
5127,"Asphodelaceae","DICHELOSTEMMA capitatum subsp. capitatum 488m"
5128,"Asphodelaceae","DICHELOSTEMMA capitatum subsp. capitatum 614m"
5129,"Asphodelaceae","DICHELOSTEMMA capitatum subsp. capitatum 679m"
1228,"Asphodelaceae","DICHELOSTEMMA congestum"
1229,"Asphodelaceae","DICHELOSTEMMA ida-maia"
5130,"Asphodelaceae","DICHELOSTEMMA multiflorum"
5131,"Asphodelaceae","DICHELOSTEMMA volubile"
1238,"Iridaceae","DIERAMA 'Barr's Hybrid'"
1239,"Iridaceae","DIERAMA 'Blackberry Bells'"
1240,"Iridaceae","DIERAMA 'Spring Dancer'"
1241,"Iridaceae","DIERAMA Wildside hybrids"
1242,"Iridaceae","DIERAMA dracomontanum"
1243,"Iridaceae","DIERAMA erectum 'Autumn Sparkler'"
1236,"Iridaceae","DIERAMA hybs. mixed"
1244,"Iridaceae","DIERAMA igneum"
1245,"Iridaceae","DIERAMA igneum apricot"
1246,"Iridaceae","DIERAMA pauciflorum"
1247,"Iridaceae","DIERAMA pendulum"
1248,"Iridaceae","DIERAMA pulcherrimum"
1253,"Iridaceae","DIERAMA pulcherrimum 'Blackbird'"
1254,"Iridaceae","DIERAMA pulcherrimum 'Mull of Galloway'"
1255,"Iridaceae","DIERAMA pulcherrimum 'Slieve Donard hybrids'"
1256,"Iridaceae","DIERAMA pulcherrimum 'Snowbells'"
1249,"Iridaceae","DIERAMA pulcherrimum aff."
1250,"Iridaceae","DIERAMA pulcherrimum dark form"
1251,"Iridaceae","DIERAMA pulcherrimum dwarf form 60cm"
1252,"Iridaceae","DIERAMA pulcherrimum mauve"
1257,"Iridaceae","DIERAMA reynoldsii"
1258,"Iridaceae","DIERAMA robustum"
1237,"Iridaceae","DIERAMA spp. mixed"
1259,"Iridaceae","DIERAMA trichorhizum"
1281,"Asphodelaceae","DIPCADI serotinum"
1283,"Iridaceae","DIPLARRENA latifolia"
1284,"Iridaceae","DIPLARRENA moraea"
1289,"Primulaceae","DODECATHEON 'Stellar Pink'"
1290,"Primulaceae","DODECATHEON alpinum"
1291,"Primulaceae","DODECATHEON amethystinum"
1292,"Primulaceae","DODECATHEON dentatum"
1293,"Primulaceae","DODECATHEON hendersonii"
1294,"Primulaceae","DODECATHEON jeffreyi"
5133,"Primulaceae","DODECATHEON jeffreyi"
1295,"Primulaceae","DODECATHEON meadia"
1296,"Primulaceae","DODECATHEON meadia 'Aphrodite'"
1297,"Primulaceae","DODECATHEON pulchellum"
1298,"Primulaceae","DODECATHEON pulchellum 'Red Wings'"
1299,"Primulaceae","DODECATHEON pulchellum 'Sooke Variety'"
1340,"Araceae","DRACUNCULUS vulgaris"
1342,"Asphodelaceae","DRIMIA uniflora"
1343,"Droseraceae","DROSERA binata subsp. binata"
5139,"Crassulaceae","DUDLEYA abramsii subsp. affinis"
1388,"Orchidaceae","EPIPACTIS gigantea"
1389,"Orchidaceae","EPIPACTIS palustris"
1390,"Ranunculaceae","ERANTHIS cilicica"
1391,"Ranunculaceae","ERANTHIS hyemalis"
1393,"Ranunculaceae","ERANTHIS hyemalis 'Birte'"
1394,"Ranunculaceae","ERANTHIS hyemalis 'Hessellund Green'"
1395,"Ranunculaceae","ERANTHIS hyemalis 'Schwefelglanz'"
1392,"Ranunculaceae","ERANTHIS hyemalis orange"
1396,"Ranunculaceae","ERANTHIS hyemalis x cilicica"
1398,"Asphodelaceae","EREMURUS cristatus"
1399,"Asphodelaceae","EREMURUS himalaicus"
1400,"Asphodelaceae","EREMURUS olgae"
1401,"Asphodelaceae","EREMURUS robustus"
1402,"Asphodelaceae","EREMURUS stenophyllus 'Bungei'"
1403,"Asphodelaceae","EREMURUS tianschanicus"
1474,"Liliaceae","ERYTHRONIUM 'Craigton Cover Girl'"
1475,"Liliaceae","ERYTHRONIUM 'Harvington Snow Goose'"
1476,"Liliaceae","ERYTHRONIUM 'Harvington Wild Salmon'"
1477,"Liliaceae","ERYTHRONIUM 'Joanna'"
1478,"Liliaceae","ERYTHRONIUM 'Kinfauns Pink'"
1479,"Liliaceae","ERYTHRONIUM 'Kinfauns Sunset'"
1480,"Liliaceae","ERYTHRONIUM californicum"
1481,"Liliaceae","ERYTHRONIUM californicum 'White Beauty'"
1482,"Liliaceae","ERYTHRONIUM californicum x multiscapoideum"
5154,"Liliaceae","ERYTHRONIUM citrinum subsp. citrinum"
1483,"Liliaceae","ERYTHRONIUM dens-canis"
5155,"Liliaceae","ERYTHRONIUM dens-canis"
1484,"Liliaceae","ERYTHRONIUM dens-canis f. alba"
1485,"Liliaceae","ERYTHRONIUM elegans"
1486,"Liliaceae","ERYTHRONIUM grandiflorum"
5156,"Liliaceae","ERYTHRONIUM grandiflorum"
1487,"Liliaceae","ERYTHRONIUM grandiflorum mixed anther colours"
5157,"Liliaceae","ERYTHRONIUM grandiflorum subsp. grandiflorum"
1488,"Liliaceae","ERYTHRONIUM helenae"
1489,"Liliaceae","ERYTHRONIUM hendersonii"
5158,"Liliaceae","ERYTHRONIUM multiscapoideum"
1490,"Liliaceae","ERYTHRONIUM oregonum"
5159,"Liliaceae","ERYTHRONIUM oregonum f. leucandrum"
1491,"Liliaceae","ERYTHRONIUM oregonum f. sulphureum"
5160,"Liliaceae","ERYTHRONIUM purpurascens"
1492,"Liliaceae","ERYTHRONIUM revolutum"
1495,"Liliaceae","ERYTHRONIUM revolutum 'Cowichan'"
1496,"Liliaceae","ERYTHRONIUM revolutum 'Elizabeth'"
1499,"Liliaceae","ERYTHRONIUM revolutum 'Knightshayes Pink'"
1498,"Liliaceae","ERYTHRONIUM revolutum 'Knightshayes'"
1500,"Liliaceae","ERYTHRONIUM revolutum 'Wild Salmon'"
1497,"Liliaceae","ERYTHRONIUM revolutum Johnsonii Group"
1493,"Liliaceae","ERYTHRONIUM revolutum hybrids"
1494,"Liliaceae","ERYTHRONIUM revolutum pale pink"
1501,"Liliaceae","ERYTHRONIUM sibiricum"
1502,"Liliaceae","ERYTHRONIUM sibiricum subsp. altaicum"
1473,"Liliaceae","ERYTHRONIUM spp. mixed"
1506,"Asphodelaceae","EUCOMIS bicolor"
1507,"Asphodelaceae","EUCOMIS bicolor f. alba"
1508,"Asphodelaceae","EUCOMIS comosa"
1509,"Asphodelaceae","EUCOMIS pole-evansii"
1510,"Asphodelaceae","EUCOMIS schijffii"
1511,"Asphodelaceae","EUCOMIS zambesiaca"
1530,"Iridaceae","FERRARIA crispa dark"
1532,"Iridaceae","FERRARIA crispa subsp. nortieri"
1531,"Iridaceae","FERRARIA crispa yellow"
1542,"Iridaceae","FREESIA alba"
1543,"Iridaceae","FREESIA alba"
1544,"Iridaceae","FREESIA laxa"
1548,"Iridaceae","FREESIA laxa 'Joan Evans'"
1545,"Iridaceae","FREESIA laxa blue"
1549,"Iridaceae","FREESIA laxa f. alba"
1546,"Iridaceae","FREESIA laxa red"
1547,"Iridaceae","FREESIA laxa white/red spotted"
1551,"Liliaceae","FRITILLARIA acmopetala"
1552,"Liliaceae","FRITILLARIA acmopetala 'Paul Furse'"
1553,"Liliaceae","FRITILLARIA affinis"
1554,"Liliaceae","FRITILLARIA affinis"
5167,"Liliaceae","FRITILLARIA affinis"
1556,"Liliaceae","FRITILLARIA amana"
1555,"Liliaceae","FRITILLARIA amana"
1557,"Liliaceae","FRITILLARIA amana EKB1035"
1558,"Liliaceae","FRITILLARIA ariana"
1559,"Liliaceae","FRITILLARIA armena aff."
1560,"Liliaceae","FRITILLARIA aurea"
1561,"Liliaceae","FRITILLARIA biflora 'roderickii' type"
1562,"Liliaceae","FRITILLARIA biflora subsp. ineziana"
1563,"Liliaceae","FRITILLARIA biflora x purdyi"
1564,"Liliaceae","FRITILLARIA bithynica"
1565,"Liliaceae","FRITILLARIA bucharica"
1566,"Liliaceae","FRITILLARIA camschatcensis"
1567,"Liliaceae","FRITILLARIA camschatcensis f. aurea"
1568,"Liliaceae","FRITILLARIA carica"
1569,"Liliaceae","FRITILLARIA caucasica"
1570,"Liliaceae","FRITILLARIA crassifolia"
1571,"Liliaceae","FRITILLARIA davisii"
1572,"Liliaceae","FRITILLARIA drenovskii"
1573,"Liliaceae","FRITILLARIA eduardii"
1574,"Liliaceae","FRITILLARIA ehrhartii"
1575,"Liliaceae","FRITILLARIA ehrhartii JJA0.494.800"
1576,"Liliaceae","FRITILLARIA elwesii"
1577,"Liliaceae","FRITILLARIA epirotica"
1578,"Liliaceae","FRITILLARIA euboeica"
1579,"Liliaceae","FRITILLARIA ferganensis"
1580,"Liliaceae","FRITILLARIA gibbosa"
1581,"Liliaceae","FRITILLARIA gracilis"
1582,"Liliaceae","FRITILLARIA graeca"
1583,"Liliaceae","FRITILLARIA graeca ex Parnitha"
1584,"Liliaceae","FRITILLARIA graeca subsp. thessala"
1585,"Liliaceae","FRITILLARIA gussichiae"
1586,"Liliaceae","FRITILLARIA imperialis"
1587,"Liliaceae","FRITILLARIA imperialis orange"
1588,"Liliaceae","FRITILLARIA imperialis red"
1589,"Liliaceae","FRITILLARIA involucrata"
1590,"Liliaceae","FRITILLARIA kurdica"
1591,"Liliaceae","FRITILLARIA liliacea"
1592,"Liliaceae","FRITILLARIA lusitanica"
1593,"Liliaceae","FRITILLARIA meleagris"
1594,"Liliaceae","FRITILLARIA meleagris mixed colours"
1595,"Liliaceae","FRITILLARIA michailovskyi"
1596,"Liliaceae","FRITILLARIA michailovskyi x kurdica"
1597,"Liliaceae","FRITILLARIA minuta"
1598,"Liliaceae","FRITILLARIA montana"
1599,"Liliaceae","FRITILLARIA nigra"
1600,"Liliaceae","FRITILLARIA obliqua"
1601,"Liliaceae","FRITILLARIA olivieri"
1602,"Liliaceae","FRITILLARIA orientalis"
1603,"Liliaceae","FRITILLARIA pallidiflora"
1604,"Liliaceae","FRITILLARIA persica"
1605,"Liliaceae","FRITILLARIA persica 'Adiyaman'"
1606,"Liliaceae","FRITILLARIA pinardii"
1607,"Liliaceae","FRITILLARIA pontica"
5168,"Liliaceae","FRITILLARIA pudica"
1608,"Liliaceae","FRITILLARIA pudica"
5169,"Liliaceae","FRITILLARIA purdyi"
1609,"Liliaceae","FRITILLARIA pyrenaica"
1610,"Liliaceae","FRITILLARIA raddeana"
5170,"Liliaceae","FRITILLARIA recurva"
1611,"Liliaceae","FRITILLARIA recurva"
1612,"Liliaceae","FRITILLARIA rixii"
1613,"Liliaceae","FRITILLARIA sewerzowii"
1550,"Liliaceae","FRITILLARIA sp. ex Pulkhakim"
1614,"Liliaceae","FRITILLARIA stenanthera"
1615,"Liliaceae","FRITILLARIA straussii"
1616,"Liliaceae","FRITILLARIA thunbergii"
1617,"Liliaceae","FRITILLARIA thunbergii"
1618,"Liliaceae","FRITILLARIA tubiformis subsp. moggridgei"
1619,"Liliaceae","FRITILLARIA uva-vulpis"
1620,"Liliaceae","FRITILLARIA whittallii"
1621,"Liliaceae","FRITILLARIA whittallii PW72-64B"
1622,"Onagraceae","FUCHSIA denticulata"
1623,"Onagraceae","FUCHSIA procumbens"
1625,"Liliaceae","GAGEA fibrosa"
1624,"Liliaceae","GAGEA sp. ex Sierra Cazorla"
1629,"Amaryllidaceae","GALANTHUS elwesii"
1630,"Amaryllidaceae","GALANTHUS nivalis"
1631,"Amaryllidaceae","GALANTHUS plicatus 'Bolu Shades' AHEP8313"
1632,"Amaryllidaceae","GALANTHUS reginae-olgae subsp. vernalis"
1633,"Amaryllidaceae","GALANTHUS rizehensis"
1643,"Iridaceae","GEISSORHIZA corrugata"
1644,"Iridaceae","GELASINE elongata"
1698,"Geraniaceae","GERANIUM 'Silver Cloak'"
1699,"Geraniaceae","GERANIUM 'Twinkle Stars'"
1700,"Geraniaceae","GERANIUM cinereum"
1701,"Geraniaceae","GERANIUM cinereum deep pink"
1702,"Geraniaceae","GERANIUM eriostemon"
1703,"Geraniaceae","GERANIUM grandistipulatum"
1704,"Geraniaceae","GERANIUM himalayense"
1705,"Geraniaceae","GERANIUM incanum"
1706,"Geraniaceae","GERANIUM maculatum 'Espresso'"
1707,"Geraniaceae","GERANIUM magniflorum"
1708,"Geraniaceae","GERANIUM nodosum"
1710,"Geraniaceae","GERANIUM palmatum"
1711,"Geraniaceae","GERANIUM palustre"
1712,"Geraniaceae","GERANIUM phaeum"
1713,"Geraniaceae","GERANIUM platypetalum"
1714,"Geraniaceae","GERANIUM pratense"
1716,"Geraniaceae","GERANIUM pratense 'Splish-splash'"
1715,"Geraniaceae","GERANIUM pratense dark leaf"
1717,"Geraniaceae","GERANIUM pratense f. albiflorum"
1718,"Geraniaceae","GERANIUM psilostemon"
1719,"Geraniaceae","GERANIUM pyrenaicum 'Bill Wallis'"
1720,"Geraniaceae","GERANIUM renardii"
1721,"Geraniaceae","GERANIUM reuteri"
1722,"Geraniaceae","GERANIUM rubescens"
1723,"Geraniaceae","GERANIUM sanguineum"
1724,"Geraniaceae","GERANIUM sanguineum 'Max Frei'"
1725,"Geraniaceae","GERANIUM sanguineum f. album"
1726,"Geraniaceae","GERANIUM sanguineum f. striatum"
1727,"Geraniaceae","GERANIUM sanguineum subsp. lancastriense"
1728,"Geraniaceae","GERANIUM sessiliflorum subsp. novae- zelandiae 'Nigricans'"
1729,"Geraniaceae","GERANIUM solanderi"
1730,"Geraniaceae","GERANIUM subacutum white"
1731,"Geraniaceae","GERANIUM thunbergii"
1732,"Geraniaceae","GERANIUM traversii"
1733,"Geraniaceae","GERANIUM wallichianum"
1709,"Geraniaceae","GERANIUM x oxonianum"
1748,"Iridaceae","GLADIOLUS 'Atom'"
1749,"Iridaceae","GLADIOLUS 'Dark Ruby'"
1750,"Iridaceae","GLADIOLUS 'Ruby'"
1751,"Iridaceae","GLADIOLUS 'Tom'"
1752,"Iridaceae","GLADIOLUS byzantinus"
1753,"Iridaceae","GLADIOLUS cardinalis"
1754,"Iridaceae","GLADIOLUS carinatus"
1755,"Iridaceae","GLADIOLUS carneus"
1756,"Iridaceae","GLADIOLUS caucasicus"
1757,"Iridaceae","GLADIOLUS communis"
1758,"Iridaceae","GLADIOLUS communis subsp. byzantinus"
1759,"Iridaceae","GLADIOLUS dalenii orange"
1760,"Iridaceae","GLADIOLUS dalenii yellow"
1761,"Iridaceae","GLADIOLUS flanaganii"
1763,"Iridaceae","GLADIOLUS gracilis"
1764,"Iridaceae","GLADIOLUS humilis"
1765,"Iridaceae","GLADIOLUS illyricus"
1766,"Iridaceae","GLADIOLUS imbricatus"
5182,"Iridaceae","GLADIOLUS italicus"
1767,"Iridaceae","GLADIOLUS italicus"
1768,"Iridaceae","GLADIOLUS longicollis McB2970"
1769,"Iridaceae","GLADIOLUS murielae"
1770,"Iridaceae","GLADIOLUS palustris"
1771,"Iridaceae","GLADIOLUS papilio red good marking"
1772,"Iridaceae","GLADIOLUS quadrangularis"
1746,"Iridaceae","GLADIOLUS sp. pink 40cm"
1747,"Iridaceae","GLADIOLUS sp. pink 60cm"
1773,"Iridaceae","GLADIOLUS splendens"
1774,"Iridaceae","GLADIOLUS tenuis"
1775,"Iridaceae","GLADIOLUS trichonemifolius"
1777,"Iridaceae","GLADIOLUS tristis"
1776,"Iridaceae","GLADIOLUS tristis"
1778,"Iridaceae","GLADIOLUS venustus"
1762,"Iridaceae","GLADIOLUS x gandavensis"
1807,"Amaryllidaceae","HABRANTHUS brachyandrus"
1808,"Amaryllidaceae","HABRANTHUS gracilifolius"
1809,"Amaryllidaceae","HABRANTHUS martinezii"
1810,"Amaryllidaceae","HABRANTHUS robustus"
1811,"Amaryllidaceae","HABRANTHUS robustus winter dormant"
1806,"Amaryllidaceae","HABRANTHUS sp. 15cm orange"
1812,"Amaryllidaceae","HABRANTHUS tubispathus"
1814,"Amaryllidaceae","HABRANTHUS tubispathus f. aureus"
1815,"Amaryllidaceae","HABRANTHUS tubispathus subsp. texanus"
1813,"Amaryllidaceae","HABRANTHUS tubispathus yellow"
1824,"Zingiberaceae","HEDYCHIUM coccineum subsp. coccineum"
1825,"Zingiberaceae","HEDYCHIUM coronarium"
1826,"Zingiberaceae","HEDYCHIUM spicatum"
1864,"Melanthiaceae","HELONIOPSIS japonica"
1865,"Melanthiaceae","HELONIOPSIS orientalis f. breviscapa"
1866,"Asphodelaceae","HEMEROCALLIS 'Corky'"
1867,"Asphodelaceae","HEMEROCALLIS 'Prairie Belle'"
1868,"Ranunculaceae","HEPATICA acutiloba white"
1869,"Ranunculaceae","HEPATICA americana blue"
1870,"Ranunculaceae","HEPATICA americana pink"
1871,"Ranunculaceae","HEPATICA nobilis"
1872,"Ranunculaceae","HEPATICA nobilis dark blue  multi-petal"
1874,"Iridaceae","HESPERANTHA baurii"
1875,"Iridaceae","HESPERANTHA cucullata"
1876,"Iridaceae","HESPERANTHA falcata"
1877,"Iridaceae","HESPERANTHA humilis"
1878,"Iridaceae","HESPERANTHA huttonii"
1879,"Iridaceae","HESPERANTHA oligantha"
1880,"Iridaceae","HESPERANTHA pauciflora magenta"
1899,"Amaryllidaceae","HIPPEASTRUM elwesii"
1922,"Asphodelaceae","HYACINTHELLA pallasiana"
1923,"Asphodelaceae","HYACINTHOIDES hispanica"
5190,"Asphodelaceae","HYACINTHOIDES non-scripta"
1924,"Asphodelaceae","HYACINTHOIDES non-scripta"
1925,"Asphodelaceae","HYACINTHOIDES non-scripta bracteate fm"
1926,"Asphodelaceae","HYACINTHOIDES paivae"
1927,"Asphodelaceae","HYACINTHOIDES reverchonii"
1943,"Hypoxidaceae","HYPOXIS hygrometrica"
1944,"Hypoxidaceae","HYPOXIS rooperi"
1953,"Balsaminaceae","IMPATIENS bicolor"
1954,"Balsaminaceae","IMPATIENS scabrida"
1979,"Amaryllidaceae","IPHEION  'Alberto Castillo'"
1980,"Amaryllidaceae","IPHEION 'Rolf Fiedler'"
1981,"Amaryllidaceae","IPHEION uniflorum 'Charlotte Bishop'"
1982,"Amaryllidaceae","IPHEION uniflorum 'Charlotte Bishop'"
1983,"Convolvulaceae","IPOMOEA lindheimeri"
1984,"Convolvulaceae","IPOMOEA purpurea"
1985,"Convolvulaceae","IPOMOEA quamoclit"
1986,"Convolvulaceae","IPOMOEA tricolor 'Crimson Rambler'"
1987,"Convolvulaceae","IPOMOEA tricolor 'Heavenly Blue'"
1993,"Iridaceae","IRIS  Californian hybs."
1994,"Iridaceae","IRIS  Californian hybs. blue"
1995,"Iridaceae","IRIS  Californian hybs. lilac/yellow"
1996,"Iridaceae","IRIS  Californian hybs. pink/white"
1997,"Iridaceae","IRIS  Californian hybs. purple/white"
1998,"Iridaceae","IRIS  Californian hybs. white"
1999,"Iridaceae","IRIS  Californian hybs. white/lavender"
2000,"Iridaceae","IRIS  Californian hybs. yellow"
1989,"Iridaceae","IRIS 'Big Money' (Cal Hyb)"
1990,"Iridaceae","IRIS 'Braithwaite'"
1991,"Iridaceae","IRIS 'Broadleigh Anne'"
1992,"Iridaceae","IRIS 'Broadleigh Rose'"
2001,"Iridaceae","IRIS 'Crandall's White' (Cal Hyb)"
2002,"Iridaceae","IRIS 'Sibirischer Fruhling'(Sib)"
2003,"Iridaceae","IRIS 'Verdissant' Int. bearded"
2004,"Iridaceae","IRIS 'Warlsind'"
2005,"Iridaceae","IRIS acutiloba"
2006,"Iridaceae","IRIS albertii"
2007,"Iridaceae","IRIS bicapitata"
2008,"Iridaceae","IRIS bloudowii"
2009,"Iridaceae","IRIS bracteata"
2010,"Iridaceae","IRIS bucharica"
2011,"Iridaceae","IRIS bulleyana"
2012,"Iridaceae","IRIS bulleyana dark"
2013,"Iridaceae","IRIS bulleyana hybrid"
2014,"Iridaceae","IRIS chrysographes"
2017,"Iridaceae","IRIS chrysographes 'Black Knight'"
2016,"Iridaceae","IRIS chrysographes SICH572"
2015,"Iridaceae","IRIS chrysographes black"
2018,"Iridaceae","IRIS chrysographes f. rosea"
5196,"Iridaceae","IRIS chrysophylla"
2019,"Iridaceae","IRIS clarkei"
2020,"Iridaceae","IRIS delavayi"
2021,"Iridaceae","IRIS domestica"
2022,"Iridaceae","IRIS douglasiana"
2023,"Iridaceae","IRIS ensata"
2024,"Iridaceae","IRIS ensata 'Laughing Lion'"
2025,"Iridaceae","IRIS ensata 'Rose Queen'"
2026,"Iridaceae","IRIS foetidissima"
2027,"Iridaceae","IRIS forrestii"
2028,"Iridaceae","IRIS forrestii hybrids"
2029,"Iridaceae","IRIS galatica"
2030,"Iridaceae","IRIS graeberiana"
2031,"Iridaceae","IRIS graminea"
5197,"Iridaceae","IRIS hookeri"
2032,"Iridaceae","IRIS hookeri"
1988,"Iridaceae","IRIS hyb. Arilbred hybrid"
2033,"Iridaceae","IRIS innominata"
2034,"Iridaceae","IRIS kerneriana"
2035,"Iridaceae","IRIS lactea"
2036,"Iridaceae","IRIS latifolia"
2037,"Iridaceae","IRIS latifolia pale blue"
2038,"Iridaceae","IRIS latifolia purple"
2039,"Iridaceae","IRIS latifolia subsp. pyrenaica"
2040,"Iridaceae","IRIS longipetala"
2041,"Iridaceae","IRIS lutescens purple"
5198,"Iridaceae","IRIS macrosiphon"
2042,"Iridaceae","IRIS magnifica"
2043,"Iridaceae","IRIS milesii white"
5199,"Iridaceae","IRIS missouriensis"
2045,"Iridaceae","IRIS pallida"
2046,"Iridaceae","IRIS paradoxa dark"
2047,"Iridaceae","IRIS parvula hybrid"
5200,"Iridaceae","IRIS planifolia"
2048,"Iridaceae","IRIS pseudacorus"
2049,"Iridaceae","IRIS pseudacorus f. variegata"
2050,"Iridaceae","IRIS pumila"
2051,"Iridaceae","IRIS reichenbachii"
5201,"Iridaceae","IRIS ruthenica"
2052,"Iridaceae","IRIS sanguinea"
2053,"Iridaceae","IRIS sanguinea 'Nana Alba'"
2054,"Iridaceae","IRIS schachtii"
2055,"Iridaceae","IRIS setosa"
2056,"Iridaceae","IRIS setosa dwarf form"
2057,"Iridaceae","IRIS setosa ex Magadan"
2058,"Iridaceae","IRIS setosa subsp. arctica"
2059,"Iridaceae","IRIS setosa subsp. canadensis"
2060,"Iridaceae","IRIS sibirica"
2063,"Iridaceae","IRIS sibirica 'Dance Ballerina Dance'"
2064,"Iridaceae","IRIS sibirica 'Papillon'"
2065,"Iridaceae","IRIS sibirica 'Piquant Fancy'"
2066,"Iridaceae","IRIS sibirica 'Snow Queen'"
2061,"Iridaceae","IRIS sibirica pale blue"
2062,"Iridaceae","IRIS sibirica white/yellow"
2067,"Iridaceae","IRIS sintenisii"
2068,"Iridaceae","IRIS spuria subsp. musulmanica"
2069,"Iridaceae","IRIS stolonifera"
2070,"Iridaceae","IRIS tectorum"
2072,"Iridaceae","IRIS tectorum 'Alba'"
2071,"Iridaceae","IRIS tectorum white"
2073,"Iridaceae","IRIS tuberosa"
2074,"Iridaceae","IRIS variegata"
2075,"Iridaceae","IRIS versicolor"
2076,"Iridaceae","IRIS vicaria"
2077,"Iridaceae","IRIS vicaria 'Sina'"
2078,"Iridaceae","IRIS willmottiana"
2079,"Iridaceae","IRIS wilsonii"
2044,"Iridaceae","IRIS x norrisii"
2080,"Iridaceae","IRIS xiphium subsp. lusitanica"
2083,"Iridaceae","IXIA curta orange"
2084,"Iridaceae","IXIA pumilio"
2085,"Ixioliriaceae","IXIOLIRION tataricum"
2103,"Asphodelaceae","KNIPHOFIA 'Royal Castle'"
2104,"Asphodelaceae","KNIPHOFIA caulescens"
2105,"Asphodelaceae","KNIPHOFIA northiae"
2106,"Asphodelaceae","KNIPHOFIA sarmentosa"
2102,"Asphodelaceae","KNIPHOFIA sp. early, narrow lf"
2107,"Asphodelaceae","KNIPHOFIA uvaria"
2110,"Asphodelaceae","LACHENALIA aloides yellow"
2111,"Asphodelaceae","LACHENALIA arbuthnotiae"
2112,"Asphodelaceae","LACHENALIA bulbifera"
2113,"Asphodelaceae","LACHENALIA carnosa"
2114,"Asphodelaceae","LACHENALIA comptonii"
2115,"Asphodelaceae","LACHENALIA contaminata"
2116,"Asphodelaceae","LACHENALIA corymbosa"
2117,"Asphodelaceae","LACHENALIA ensifolia"
2118,"Asphodelaceae","LACHENALIA kliprandensis"
2119,"Asphodelaceae","LACHENALIA latimerae"
2120,"Asphodelaceae","LACHENALIA longituba"
2121,"Asphodelaceae","LACHENALIA pallida"
2122,"Asphodelaceae","LACHENALIA pygmaea"
2123,"Asphodelaceae","LACHENALIA reflexa"
2124,"Asphodelaceae","LACHENALIA vanzyliae"
2125,"Asphodelaceae","LACHENALIA vanzyliae"
2133,"Iridaceae","LAPEIROUSIA oreogena"
2134,"Iridaceae","LAPEIROUSIA silenoides"
2135,"Fabaceae","LATHYRUS aureus"
2136,"Fabaceae","LATHYRUS clymenum subsp. articulatus"
2137,"Fabaceae","LATHYRUS latifolius"
2138,"Fabaceae","LATHYRUS latifolius pink"
2139,"Fabaceae","LATHYRUS miniatus"
2140,"Fabaceae","LATHYRUS montanus"
2141,"Fabaceae","LATHYRUS nervosus"
2142,"Fabaceae","LATHYRUS niger"
2143,"Fabaceae","LATHYRUS odoratus"
2144,"Fabaceae","LATHYRUS pannonicus"
2145,"Fabaceae","LATHYRUS roseus"
2146,"Fabaceae","LATHYRUS tingitanus"
2147,"Fabaceae","LATHYRUS vernus"
2151,"Fabaceae","LATHYRUS vernus f. alboroseus"
2148,"Fabaceae","LATHYRUS vernus pink"
2149,"Fabaceae","LATHYRUS vernus pink & white mixed"
2150,"Fabaceae","LATHYRUS vernus purple"
2152,"Fabaceae","LATHYRUS vernus subsp. gracilis"
2168,"Asphodelaceae","LEOPOLDIA comosa"
2167,"Asphodelaceae","LEOPOLDIA comosa"
2169,"Asphodelaceae","LEOPOLDIA comosa 'Plumosum' f. album"
2170,"Asphodelaceae","LEOPOLDIA cycladica JJA0.689.210"
2171,"Asphodelaceae","LEOPOLDIA spreitzenhoferi"
2172,"Asphodelaceae","LEOPOLDIA tenuiflora"
2173,"Asphodelaceae","LEOPOLDIA weissii"
2180,"Amaryllidaceae","LEUCOJUM aestivum"
2181,"Amaryllidaceae","LEUCOJUM vernum"
2182,"Amaryllidaceae","LEUCOJUM vernum subsp. carpathicum"
2187,"Montiaceae","LEWISIA 'Little Mango'"
2188,"Montiaceae","LEWISIA 'Little Peach'"
2189,"Montiaceae","LEWISIA 'Little Plum'"
2186,"Montiaceae","LEWISIA Brynhyfryd hybrids"
2190,"Montiaceae","LEWISIA brachycalyx"
2191,"Montiaceae","LEWISIA columbiana subsp. rupicola"
5210,"Montiaceae","LEWISIA cotyledon"
2192,"Montiaceae","LEWISIA cotyledon"
2195,"Montiaceae","LEWISIA cotyledon 'Mountain Dreams'"
2193,"Montiaceae","LEWISIA cotyledon hybrids"
2194,"Montiaceae","LEWISIA cotyledon pink"
2196,"Montiaceae","LEWISIA longipetala"
2197,"Montiaceae","LEWISIA nevadensis"
2198,"Montiaceae","LEWISIA nevadensis f. rosea"
2199,"Montiaceae","LEWISIA pygmaea"
2200,"Montiaceae","LEWISIA pygmaea white"
5211,"Montiaceae","LEWISIA rediviva"
2201,"Montiaceae","LEWISIA tweedyi"
2203,"Montiaceae","LEWISIA tweedyi f. alba"
2204,"Montiaceae","LEWISIA tweedyi f. rosea"
2202,"Montiaceae","LEWISIA tweedyi lemon"
2205,"Asteraceae","LIATRIS spicata"
2206,"Asteraceae","LIATRIS spicata 'Floristan Weiss'"
2207,"Asteraceae","LIATRIS spicata f. alba"
2208,"Iridaceae","LIBERTIA grandiflora"
2209,"Iridaceae","LIBERTIA peregrinans 'Gold Stripe'"
2216,"Liliaceae","LILIUM 'Christopher North'"
2217,"Liliaceae","LILIUM 'Claude Shride'"
2218,"Liliaceae","LILIUM 'Fairy Morning'"
2219,"Liliaceae","LILIUM 'Gaybird'"
2220,"Liliaceae","LILIUM 'Mrs R.O.Backhouse'"
2221,"Liliaceae","LILIUM 'Orange Marmalade'"
2222,"Liliaceae","LILIUM 'Red Velvet'"
2223,"Liliaceae","LILIUM akkusianum"
2224,"Liliaceae","LILIUM auratum"
2225,"Liliaceae","LILIUM brownii"
2226,"Liliaceae","LILIUM bulbiferum"
2227,"Liliaceae","LILIUM callosum yellow"
2228,"Liliaceae","LILIUM candidum"
5213,"Liliaceae","LILIUM columbianum"
2231,"Liliaceae","LILIUM davidii"
2232,"Liliaceae","LILIUM distichum"
2233,"Liliaceae","LILIUM duchartrei"
2234,"Liliaceae","LILIUM duchartrei cf."
2236,"Liliaceae","LILIUM formosanum subsp. pricei"
2235,"Liliaceae","LILIUM formosanum white brown pollen"
2237,"Liliaceae","LILIUM hansonii"
2238,"Liliaceae","LILIUM henryi"
5214,"Liliaceae","LILIUM humboldtii subsp. ocellatum"
2239,"Liliaceae","LILIUM lancifolium"
2240,"Liliaceae","LILIUM lankongense"
2241,"Liliaceae","LILIUM ledebourii"
2242,"Liliaceae","LILIUM leichtlinii"
2243,"Liliaceae","LILIUM leucanthum"
2244,"Liliaceae","LILIUM lijiangense"
2245,"Liliaceae","LILIUM longiflorum"
2246,"Liliaceae","LILIUM longiflorum dwarf"
2247,"Liliaceae","LILIUM mackliniae"
2248,"Liliaceae","LILIUM mackliniae 'Naga Pink'"
2249,"Liliaceae","LILIUM mackliniae Tantallon hybs."
2250,"Liliaceae","LILIUM mackliniae subsp. saramatense"
2251,"Liliaceae","LILIUM martagon"
2256,"Liliaceae","LILIUM martagon 'Akamina'"
2257,"Liliaceae","LILIUM martagon 'Bronze Medallion'"
2258,"Liliaceae","LILIUM martagon 'Manitoba Morning'"
2259,"Liliaceae","LILIUM martagon 'Nordlandia'"
2260,"Liliaceae","LILIUM martagon 'Quarry Wood strain'"
2261,"Liliaceae","LILIUM martagon 'Tsingense'"
2262,"Liliaceae","LILIUM martagon f. albiflorum"
2263,"Liliaceae","LILIUM martagon f. album"
2264,"Liliaceae","LILIUM martagon f. album hybrid"
2252,"Liliaceae","LILIUM martagon mixed"
2253,"Liliaceae","LILIUM martagon pink"
2265,"Liliaceae","LILIUM martagon subsp. cattaniae"
2266,"Liliaceae","LILIUM martagon subsp. daugavense"
2254,"Liliaceae","LILIUM martagon white/yellow hyb."
2267,"Liliaceae","LILIUM martagon x hansonii hybrids"
2255,"Liliaceae","LILIUM martagon yellow/pink/silver hyb."
2268,"Liliaceae","LILIUM monadelphum"
2269,"Liliaceae","LILIUM nanum"
2270,"Liliaceae","LILIUM nanum ex Sikkim"
2271,"Liliaceae","LILIUM nepalense"
2272,"Liliaceae","LILIUM oxypetalum"
2273,"Liliaceae","LILIUM oxypetalum subsp. insigne"
5215,"Liliaceae","LILIUM pardalinum subsp. pardalinum"
5216,"Liliaceae","LILIUM parryi"
2274,"Liliaceae","LILIUM polyphyllum"
2275,"Liliaceae","LILIUM pomponium"
2276,"Liliaceae","LILIUM pumilum"
2277,"Liliaceae","LILIUM pyrenaicum"
2278,"Liliaceae","LILIUM regale"
2279,"Liliaceae","LILIUM regale f. album"
2280,"Liliaceae","LILIUM rubellum"
2281,"Liliaceae","LILIUM sargentiae"
2282,"Liliaceae","LILIUM wallichianum"
5217,"Liliaceae","LILIUM washingtonianum subsp. purpurascens"
2229,"Liliaceae","LILIUM x dalhansonii"
2230,"Liliaceae","LILIUM x dalhansonii 'Marhan'"
5224,"Apiaceae","LOMATIUM canbyi"
5225,"Apiaceae","LOMATIUM dissectum"
2314,"Apiaceae","LOMATIUM grayi"
5226,"Apiaceae","LOMATIUM nudicaule low form"
5221,"Apiaceae","LOMATIUM sp. A 15-20cm in seed"
5222,"Apiaceae","LOMATIUM sp. B 15-30cm in seed"
5223,"Apiaceae","LOMATIUM sp. C 15-20cm in seed"
2323,"Fabaceae","LUPINUS 'My Castle'"
2324,"Fabaceae","LUPINUS Russell hybrids"
2325,"Fabaceae","LUPINUS arboreus"
2327,"Fabaceae","LUPINUS arboreus 'Snow Queen'"
2326,"Fabaceae","LUPINUS arboreus white"
2328,"Fabaceae","LUPINUS arcticus"
5228,"Fabaceae","LUPINUS burkei"
2329,"Fabaceae","LUPINUS hartwegii"
2322,"Fabaceae","LUPINUS hybs. mixed"
2330,"Fabaceae","LUPINUS lepidus"
5229,"Fabaceae","LUPINUS lepidus subsp. lobbii"
2331,"Fabaceae","LUPINUS nootkatensis"
2332,"Fabaceae","LUPINUS perennis"
2333,"Fabaceae","LUPINUS pilosus"
2334,"Fabaceae","LUPINUS polyphyllus"
2335,"Fabaceae","LUPINUS variegatus"
2344,"Asphodelaceae","MAIANTHEMUM racemosum"
2354,"Solanaceae","MANDRAGORA officinarum"
2356,"Asphodelaceae","MASSONIA depressa"
2357,"Asphodelaceae","MASSONIA echinata"
2358,"Asphodelaceae","MASSONIA longipes"
2359,"Asphodelaceae","MASSONIA pustulata"
5231,"Liliaceae","MEDEOLA virginiana"
2416,"Phrymaceae","MIMULUS alatus"
2417,"Phrymaceae","MIMULUS cardinalis"
5234,"Phrymaceae","MIMULUS cardinalis"
2418,"Phrymaceae","MIMULUS cupreus"
2419,"Phrymaceae","MIMULUS guttatus"
2420,"Phrymaceae","MIMULUS lewisii"
2421,"Phrymaceae","MIMULUS luteus"
2422,"Phrymaceae","MIMULUS naiandinus"
5235,"Phrymaceae","MIMULUS tilingii"
2423,"Caryophyllaceae","MINUARTIA laricifolia subsp. kitaibelii"
2424,"Nyctaginaceae","MIRABILIS multiflora"
2429,"Iridaceae","MORAEA alticola"
2430,"Iridaceae","MORAEA aristata"
2431,"Iridaceae","MORAEA aristata hybrid"
2432,"Iridaceae","MORAEA bipartita"
2433,"Iridaceae","MORAEA collina"
2434,"Iridaceae","MORAEA elegans"
2435,"Iridaceae","MORAEA gigandra"
2436,"Iridaceae","MORAEA huttonii"
2437,"Iridaceae","MORAEA longifolia"
2438,"Iridaceae","MORAEA macronyx"
2439,"Iridaceae","MORAEA marlothii"
2440,"Iridaceae","MORAEA polystachya"
2441,"Iridaceae","MORAEA saxicola"
2442,"Iridaceae","MORAEA setifolia"
2443,"Iridaceae","MORAEA simulans"
2444,"Iridaceae","MORAEA spathulata"
2445,"Iridaceae","MORAEA vegeta"
2446,"Iridaceae","MORAEA vegeta dwarf"
2449,"Musaceae","MUSA velutina"
2454,"Asphodelaceae","MUSCARI 'Pink Sunrise'"
2455,"Asphodelaceae","MUSCARI armeniacum"
2457,"Asphodelaceae","MUSCARI armeniacum 'Argaei'"
2458,"Asphodelaceae","MUSCARI armeniacum 'Blue Spike'"
2456,"Asphodelaceae","MUSCARI armeniacum pink ex JCA"
2459,"Asphodelaceae","MUSCARI aucheri 'Autumn Glory'"
2460,"Asphodelaceae","MUSCARI aucheri 'Mount Hood'"
2461,"Asphodelaceae","MUSCARI aucheri 'Mount Hood'"
2462,"Asphodelaceae","MUSCARI commutatum"
2463,"Asphodelaceae","MUSCARI kerkis"
2464,"Asphodelaceae","MUSCARI latifolium"
2465,"Asphodelaceae","MUSCARI leucostomum"
2466,"Asphodelaceae","MUSCARI macrocarpum"
2467,"Asphodelaceae","MUSCARI neglectum"
2468,"Asphodelaceae","MUSCARI neglectum cf. ex Greece"
2469,"Asphodelaceae","MUSCARI neglectum subsp. grandifolium"
2470,"Asphodelaceae","MUSCARI pulchellum KP98024"
2471,"Asphodelaceae","MUSCARI racemosum"
2472,"Asphodelaceae","MUSCARI sosnowskyi"
2450,"Asphodelaceae","MUSCARI sp.  20cm"
2451,"Asphodelaceae","MUSCARI sp.  BATM303"
2452,"Asphodelaceae","MUSCARI sp.  pale blue"
2453,"Asphodelaceae","MUSCARI sp.  tall ex Romania"
5239,"Asphodelaceae","MUSCARI spreitzenhoferi"
2473,"Asphodelaceae","MUSCARI spreitzenhoferi"
2474,"Asphodelaceae","MUSCARI turcicum"
2481,"Amaryllidaceae","NARCISSUS 'Callisto'"
2482,"Amaryllidaceae","NARCISSUS 'Columba'"
2483,"Amaryllidaceae","NARCISSUS 'Craigton Clumper'"
2484,"Amaryllidaceae","NARCISSUS 'Cyllene'"
2485,"Amaryllidaceae","NARCISSUS 'Elara'"
2486,"Amaryllidaceae","NARCISSUS 'Helene'"
2487,"Amaryllidaceae","NARCISSUS 'Mary Poppins'"
2488,"Amaryllidaceae","NARCISSUS 'Solveig's Song'"
2489,"Amaryllidaceae","NARCISSUS 'Tethys'"
2490,"Amaryllidaceae","NARCISSUS abscissus"
2491,"Amaryllidaceae","NARCISSUS assoanus"
2492,"Amaryllidaceae","NARCISSUS assoanus subsp. assoanus"
2493,"Amaryllidaceae","NARCISSUS asturiensis"
2494,"Amaryllidaceae","NARCISSUS bicolor"
2495,"Amaryllidaceae","NARCISSUS blancoi"
2496,"Amaryllidaceae","NARCISSUS bulbocodium"
2499,"Amaryllidaceae","NARCISSUS bulbocodium 'Glenbrook Hybrids'"
2498,"Amaryllidaceae","NARCISSUS bulbocodium JJA805"
2500,"Amaryllidaceae","NARCISSUS bulbocodium f. viriditubis"
2497,"Amaryllidaceae","NARCISSUS bulbocodium hybrids"
2501,"Amaryllidaceae","NARCISSUS bulbocodium subsp. bulbocodium"
2503,"Amaryllidaceae","NARCISSUS bulbocodium subsp. citrinus"
2502,"Amaryllidaceae","NARCISSUS bulbocodium subsp. citrinus"
2504,"Amaryllidaceae","NARCISSUS bulbocodium subsp. conspicuus"
2505,"Amaryllidaceae","NARCISSUS bulbocodium subsp. filifolius"
2506,"Amaryllidaceae","NARCISSUS bulbocodium subsp. graellsii"
2507,"Amaryllidaceae","NARCISSUS bulbocodium subsp. nivalis"
2508,"Amaryllidaceae","NARCISSUS bulbocodium subsp. validus"
2509,"Amaryllidaceae","NARCISSUS cantabricus"
2510,"Amaryllidaceae","NARCISSUS cantabricus mixed"
2514,"Amaryllidaceae","NARCISSUS cantabricus petunioides 2762-1 x Atlas Gold"
2515,"Amaryllidaceae","NARCISSUS cantabricus petunioides  romieuxii albidus SF110"
2511,"Amaryllidaceae","NARCISSUS cantabricus subsp. cantabricus"
2512,"Amaryllidaceae","NARCISSUS cantabricus subsp. monophyllus"
2513,"Amaryllidaceae","NARCISSUS cantabricus subsp. petunioides"
2516,"Amaryllidaceae","NARCISSUS cavanillesii"
2517,"Amaryllidaceae","NARCISSUS cerrolazae F&JK1104"
2518,"Amaryllidaceae","NARCISSUS confusus"
2519,"Amaryllidaceae","NARCISSUS cordubensis"
2520,"Amaryllidaceae","NARCISSUS cyclamineus"
2521,"Amaryllidaceae","NARCISSUS deficiens"
2522,"Amaryllidaceae","NARCISSUS dubius"
2523,"Amaryllidaceae","NARCISSUS eugeniae"
2524,"Amaryllidaceae","NARCISSUS fernandesii"
2525,"Amaryllidaceae","NARCISSUS gigas"
2526,"Amaryllidaceae","NARCISSUS hedraeanthus"
2527,"Amaryllidaceae","NARCISSUS hedraeanthus subsp. luteolentus"
2528,"Amaryllidaceae","NARCISSUS iohannis"
2529,"Amaryllidaceae","NARCISSUS jacetanus"
2530,"Amaryllidaceae","NARCISSUS jonquilla"
2531,"Amaryllidaceae","NARCISSUS lobularis"
2532,"Amaryllidaceae","NARCISSUS longispathus"
2533,"Amaryllidaceae","NARCISSUS minor"
2534,"Amaryllidaceae","NARCISSUS munozii-garmendiae"
2535,"Amaryllidaceae","NARCISSUS nevadensis"
2536,"Amaryllidaceae","NARCISSUS nivalis"
2537,"Amaryllidaceae","NARCISSUS obesus"
2539,"Amaryllidaceae","NARCISSUS obesus 'Lee Martin'"
2538,"Amaryllidaceae","NARCISSUS obesus MS451"
2540,"Amaryllidaceae","NARCISSUS obsoletus"
2541,"Amaryllidaceae","NARCISSUS pallidiflorus"
2542,"Amaryllidaceae","NARCISSUS perez-chiscanoi F&JK0611"
2543,"Amaryllidaceae","NARCISSUS poeticus"
2544,"Amaryllidaceae","NARCISSUS primigenius"
2545,"Amaryllidaceae","NARCISSUS pseudonarcissus"
2547,"Amaryllidaceae","NARCISSUS romieuxii"
2549,"Amaryllidaceae","NARCISSUS romieuxii 'Julia Jane'"
2548,"Amaryllidaceae","NARCISSUS romieuxii FS126-1"
2550,"Amaryllidaceae","NARCISSUS romieuxii subsp. albidus var.  zaianicus"
2551,"Amaryllidaceae","NARCISSUS rupicola"
2553,"Amaryllidaceae","NARCISSUS rupicola subsp. watieri"
2552,"Amaryllidaceae","NARCISSUS rupicola subsp. watieri"
2554,"Amaryllidaceae","NARCISSUS rupicola subsp. watieri 'Abaleish'"
2555,"Amaryllidaceae","NARCISSUS scaberulus"
2556,"Amaryllidaceae","NARCISSUS serotinus"
2557,"Amaryllidaceae","NARCISSUS triandrus"
2558,"Amaryllidaceae","NARCISSUS triandrus subsp. triandrus"
2559,"Amaryllidaceae","NARCISSUS triandrus subsp. triandrus var. loiseleurii"
2560,"Amaryllidaceae","NARCISSUS viridiflorus"
2546,"Amaryllidaceae","NARCISSUS x romanensis"
5241,"Nartheciaceae","NARTHECIUM californicum"
2562,"Iridaceae","NEMASTYLIS acuta"
2569,"Amaryllidaceae","NERINE bowdenii"
2570,"Amaryllidaceae","NERINE hirsuta of hort."
2580,"Liliaceae","NOMOCHARIS aperta"
2581,"Liliaceae","NOMOCHARIS farreri"
2577,"Liliaceae","NOMOCHARIS hybs."
2582,"Liliaceae","NOMOCHARIS saluenensis"
2578,"Liliaceae","NOMOCHARIS sp."
2579,"Liliaceae","NOMOCHARIS spp. mixed"
2584,"Liliaceae","NOTHOLIRION bulbuliferum"
2585,"Liliaceae","NOTHOLIRION campanulatum"
2586,"Liliaceae","NOTHOLIRION macrophyllum"
2587,"Amaryllidaceae","NOTHOSCORDUM bivalve"
2588,"Amaryllidaceae","NOTHOSCORDUM montevidense subsp. minarum"
2589,"Amaryllidaceae","NOTHOSCORDUM ostenii"
5244,"Tecophilaeaceae","ODONTOSTOMUM hartwegii"
5246,"Iridaceae","OLSYNIUM douglasii"
2601,"Iridaceae","OLSYNIUM junceum"
2610,"Orchidaceae","ORCHIS militaris f. alba"
2611,"Asphodelaceae","ORNITHOGALUM albucoides"
2612,"Asphodelaceae","ORNITHOGALUM baeticum (algeriense F&JK)"
2613,"Asphodelaceae","ORNITHOGALUM candicans"
2614,"Asphodelaceae","ORNITHOGALUM dubium yellow"
2615,"Asphodelaceae","ORNITHOGALUM fimbrimarginatum"
2616,"Asphodelaceae","ORNITHOGALUM magnum"
2617,"Asphodelaceae","ORNITHOGALUM nutans"
2618,"Asphodelaceae","ORNITHOGALUM princeps"
2619,"Asphodelaceae","ORNITHOGALUM pyrenaicum"
2620,"Asphodelaceae","ORNITHOGALUM pyrenaicum 'Flavescens Group'"
2621,"Asphodelaceae","ORNITHOGALUM regale"
2622,"Asphodelaceae","ORNITHOGALUM viridiflorum"
2624,"Iridaceae","ORTHROSANTHUS chimboracensis"
2629,"Oxalidaceae","OXALIS sp. CMW4199"
2630,"Oxalidaceae","OXALIS valdiviensis"
2644,"Paeoniaceae","PAEONIA 'Pink Vanguard'"
2645,"Paeoniaceae","PAEONIA anomala"
2646,"Paeoniaceae","PAEONIA anomala ex Altai"
2647,"Paeoniaceae","PAEONIA broteri"
2648,"Paeoniaceae","PAEONIA cambessedesii"
2649,"Paeoniaceae","PAEONIA cambessedesii dwarf"
2650,"Paeoniaceae","PAEONIA caucasica"
2652,"Paeoniaceae","PAEONIA corsica"
2653,"Paeoniaceae","PAEONIA daurica subsp. macrophylla (steveniana)"
2654,"Paeoniaceae","PAEONIA delavayi"
2655,"Paeoniaceae","PAEONIA delavayi dark red"
2656,"Paeoniaceae","PAEONIA delavayi light red"
2657,"Paeoniaceae","PAEONIA delavayi red"
2658,"Paeoniaceae","PAEONIA delavayi subsp. lutea"
2659,"Paeoniaceae","PAEONIA delavayi subsp. lutea f. compacta red leaf"
2660,"Paeoniaceae","PAEONIA emodi"
2661,"Paeoniaceae","PAEONIA emodi hybrid"
2662,"Paeoniaceae","PAEONIA flavescens"
2641,"Paeoniaceae","PAEONIA hyb. quadruple hybrids"
2663,"Paeoniaceae","PAEONIA japonica"
2664,"Paeoniaceae","PAEONIA kavachensis"
2665,"Paeoniaceae","PAEONIA lactiflora"
2666,"Paeoniaceae","PAEONIA lactiflora ex Gansu"
2667,"Paeoniaceae","PAEONIA lactiflora hybrids"
2668,"Paeoniaceae","PAEONIA ludlowii"
2669,"Paeoniaceae","PAEONIA mascula"
2670,"Paeoniaceae","PAEONIA mascula subsp. hellenica"
2671,"Paeoniaceae","PAEONIA mascula subsp. mascula"
2672,"Paeoniaceae","PAEONIA mascula subsp. russoi"
2673,"Paeoniaceae","PAEONIA mascula subsp. triternata"
2674,"Paeoniaceae","PAEONIA mlokosewitschii"
2678,"Paeoniaceae","PAEONIA mlokosewitschii 'Ystad'"
2675,"Paeoniaceae","PAEONIA mlokosewitschii hyb white, red centre"
2676,"Paeoniaceae","PAEONIA mlokosewitschii hyb yellow fades to pink"
2677,"Paeoniaceae","PAEONIA mlokosewitschii hybrid"
2679,"Paeoniaceae","PAEONIA mollis"
2680,"Paeoniaceae","PAEONIA morisii Persson92-1 ex Sardinia"
2681,"Paeoniaceae","PAEONIA obovata"
2682,"Paeoniaceae","PAEONIA obovata f. alba"
2683,"Paeoniaceae","PAEONIA officinalis"
2684,"Paeoniaceae","PAEONIA officinalis ex L Garda"
2685,"Paeoniaceae","PAEONIA officinalis ex Monte Baldo"
2686,"Paeoniaceae","PAEONIA officinalis subsp. humilis"
2687,"Paeoniaceae","PAEONIA officinalis subsp. microcarpa"
2688,"Paeoniaceae","PAEONIA ostii"
2689,"Paeoniaceae","PAEONIA peregrina 'Otto Froebel'"
2690,"Paeoniaceae","PAEONIA rockii"
2691,"Paeoniaceae","PAEONIA rockii JJA4.581.500"
2692,"Paeoniaceae","PAEONIA rockii rich pink"
2693,"Paeoniaceae","PAEONIA rockii white"
5251,"Paeoniaceae","PAEONIA sp. ex Etna"
2642,"Paeoniaceae","PAEONIA sp. herb. red single 30-40cm"
2643,"Paeoniaceae","PAEONIA sp. tree"
2694,"Paeoniaceae","PAEONIA suffruticosa pink"
2695,"Paeoniaceae","PAEONIA suffruticosa red"
2696,"Paeoniaceae","PAEONIA suffruticosa single mauve"
2697,"Paeoniaceae","PAEONIA suffruticosa single white"
2698,"Paeoniaceae","PAEONIA tenuifolia"
2699,"Paeoniaceae","PAEONIA turcica"
2700,"Paeoniaceae","PAEONIA veitchii"
2701,"Paeoniaceae","PAEONIA veitchii subsp. woodwardii"
2702,"Paeoniaceae","PAEONIA wittmanniana"
2651,"Paeoniaceae","PAEONIA x chamaeleon (mlok x cauc)"
2703,"Amaryllidaceae","PANCRATIUM maritimum"
2739,"Asphodelaceae","PARADISEA liliastrum"
2740,"Asphodelaceae","PARADISEA lusitanica"
2749,"Melanthiaceae","PARIS delavayi"
2750,"Melanthiaceae","PARIS japonica"
2751,"Melanthiaceae","PARIS quadrifolia"
2755,"Asphodelaceae","PASITHEA caerulea"
2761,"Geraniaceae","PELARGONIUM barklyi"
2762,"Geraniaceae","PELARGONIUM capitatum"
2763,"Geraniaceae","PELARGONIUM elongatum"
2764,"Geraniaceae","PELARGONIUM endlicherianum"
2765,"Geraniaceae","PELARGONIUM endlicherianum KKPS9316"
2766,"Geraniaceae","PELARGONIUM grossularioides"
2767,"Geraniaceae","PELARGONIUM mollicomum"
2760,"Geraniaceae","PELARGONIUM sp."
2768,"Geraniaceae","PELARGONIUM tetragonum"
2769,"Geraniaceae","PELARGONIUM worcesterae"
2822,"Boraginaceae","PHACELIA bolanderi"
2823,"Boraginaceae","PHACELIA tanacetifolia"
2857,"Araceae","PINELLIA cordata"
2858,"Araceae","PINELLIA pedatisecta"
2859,"Araceae","PINELLIA tripartita"
2869,"Campanulaceae","PLATYCODON grandiflorus"
2872,"Campanulaceae","PLATYCODON grandiflorus 'Hime-murasaki'"
2870,"Campanulaceae","PLATYCODON grandiflorus blue semi-double"
2871,"Campanulaceae","PLATYCODON grandiflorus pink"
2874,"Orchidaceae","PLEIONE  'Fuego' grex "
2875,"Orchidaceae","PLEIONE  'Jorullo' grex "
2876,"Orchidaceae","PLEIONE 'Tongariro' grex"
2877,"Orchidaceae","PLEIONE formosana"
2878,"Orchidaceae","PLEIONE grandiflora hybrids"
2873,"Orchidaceae","PLEIONE spp. mixed"
2890,"Asphodelaceae","POLYGONATUM prattii"
2891,"Asphodelaceae","POLYGONATUM pubescens Gilty Pleasure"
2892,"Asphodelaceae","POLYGONATUM sewerzowii"
2893,"Asphodelaceae","POLYGONATUM stewartianum"
2894,"Asphodelaceae","POLYGONATUM verticillatum 'Himalayan Giant'"
2895,"Asphodelaceae","POLYGONATUM zanlanscianense"
2923,"Primulaceae","PRIMULA  Candelabra hybrid orange "
2924,"Primulaceae","PRIMULA  Candelabra hybrids"
2925,"Primulaceae","PRIMULA  Harlow Car hybrids"
2926,"Primulaceae","PRIMULA algida"
2927,"Primulaceae","PRIMULA alpicola"
2928,"Primulaceae","PRIMULA alpicola f. alba"
2929,"Primulaceae","PRIMULA alpicola f. violacea"
2930,"Primulaceae","PRIMULA alpicola subsp. luna"
2931,"Primulaceae","PRIMULA aurantiaca"
2932,"Primulaceae","PRIMULA aurantiaca pink hybrid"
2933,"Primulaceae","PRIMULA auricula"
2934,"Primulaceae","PRIMULA auricula ex wild"
2935,"Primulaceae","PRIMULA auricula hybrids "
2936,"Primulaceae","PRIMULA auricula show & border mixed"
2937,"Primulaceae","PRIMULA auricula violet, silver farina"
2938,"Primulaceae","PRIMULA beesiana"
2939,"Primulaceae","PRIMULA beesiana deep lilac"
2940,"Primulaceae","PRIMULA blinii cf."
2941,"Primulaceae","PRIMULA bullata subsp. bracteata"
2942,"Primulaceae","PRIMULA bullata subsp. delavayi SDR7830"
2943,"Primulaceae","PRIMULA bullata subsp. forrestii"
2945,"Primulaceae","PRIMULA bulleyana"
2946,"Primulaceae","PRIMULA bulleyana hybrids"
2947,"Primulaceae","PRIMULA burmanica"
2948,"Primulaceae","PRIMULA capitata"
2949,"Primulaceae","PRIMULA capitata CC3843"
2950,"Primulaceae","PRIMULA capitata subsp. mooreana"
2951,"Primulaceae","PRIMULA chionantha"
2952,"Primulaceae","PRIMULA chionantha subsp. chionantha"
2953,"Primulaceae","PRIMULA chionantha subsp. sinopurpurea"
2954,"Primulaceae","PRIMULA chungensis"
2955,"Primulaceae","PRIMULA daonensis"
2956,"Primulaceae","PRIMULA denticulata f. alba"
2957,"Primulaceae","PRIMULA elatior"
2958,"Primulaceae","PRIMULA farinosa"
2959,"Primulaceae","PRIMULA florindae"
2960,"Primulaceae","PRIMULA florindae orange"
2961,"Primulaceae","PRIMULA florindae red"
2962,"Primulaceae","PRIMULA florindae yellow"
2963,"Primulaceae","PRIMULA frondosa"
2964,"Primulaceae","PRIMULA halleri"
2965,"Primulaceae","PRIMULA helodoxa"
2966,"Primulaceae","PRIMULA henrici"
2967,"Primulaceae","PRIMULA henrici ACE1671 rose/deep pink"
2968,"Primulaceae","PRIMULA henrici Holubec 2002 white"
2969,"Primulaceae","PRIMULA henrici PBC0305 white/pink"
2970,"Primulaceae","PRIMULA heucherifolia"
2971,"Primulaceae","PRIMULA hirsuta"
2972,"Primulaceae","PRIMULA incana"
2973,"Primulaceae","PRIMULA ioessa"
2974,"Primulaceae","PRIMULA japonica"
2976,"Primulaceae","PRIMULA japonica 'Apple Blossom'"
2977,"Primulaceae","PRIMULA japonica 'Miller's Crimson'"
2978,"Primulaceae","PRIMULA japonica 'Postford White'"
2979,"Primulaceae","PRIMULA japonica f. alba"
2975,"Primulaceae","PRIMULA japonica red"
2980,"Primulaceae","PRIMULA kisoana"
2981,"Primulaceae","PRIMULA latifolia"
2982,"Primulaceae","PRIMULA magellanica"
2983,"Primulaceae","PRIMULA marginata"
2984,"Primulaceae","PRIMULA marginata 'Caerulea'"
2985,"Primulaceae","PRIMULA marginata 'Laciniata'"
2986,"Primulaceae","PRIMULA marginata f. Alba"
2987,"Primulaceae","PRIMULA matthioli"
2988,"Primulaceae","PRIMULA matthioli f. alba"
2989,"Primulaceae","PRIMULA matthioli subsp. sakhalinensis"
2990,"Primulaceae","PRIMULA maximowiczii"
2991,"Primulaceae","PRIMULA mollis"
2992,"Primulaceae","PRIMULA munroi subsp. munroi"
2993,"Primulaceae","PRIMULA parryi"
2994,"Primulaceae","PRIMULA poissonii"
2995,"Primulaceae","PRIMULA polyneura"
2996,"Primulaceae","PRIMULA prolifera"
2997,"Primulaceae","PRIMULA pulchella"
2998,"Primulaceae","PRIMULA pulverulenta"
2999,"Primulaceae","PRIMULA pulverulenta 'Bartley hybrids'"
3000,"Primulaceae","PRIMULA renifolia"
3001,"Primulaceae","PRIMULA rosea"
3002,"Primulaceae","PRIMULA rusbyi"
3003,"Primulaceae","PRIMULA rusbyi subsp. ellisiae"
3004,"Primulaceae","PRIMULA scandinavica"
3005,"Primulaceae","PRIMULA scotica"
3006,"Primulaceae","PRIMULA secundiflora"
3007,"Primulaceae","PRIMULA serratifolia"
3008,"Primulaceae","PRIMULA sieboldii"
3009,"Primulaceae","PRIMULA sieboldii 'Dancing Ladies'"
3010,"Primulaceae","PRIMULA sikkimensis"
3011,"Primulaceae","PRIMULA sikkimensis claret hyb 25cm"
3012,"Primulaceae","PRIMULA simensis"
3013,"Primulaceae","PRIMULA smithiana"
3014,"Primulaceae","PRIMULA stenocalyx"
3015,"Primulaceae","PRIMULA stenodonta"
3016,"Primulaceae","PRIMULA veris"
3017,"Primulaceae","PRIMULA veris 'Hose-in-Hose'"
3018,"Primulaceae","PRIMULA vialii"
3019,"Primulaceae","PRIMULA vulgaris"
3020,"Primulaceae","PRIMULA waltonii"
3021,"Primulaceae","PRIMULA waltonii hybrids"
3022,"Primulaceae","PRIMULA waltonii yellow"
3023,"Primulaceae","PRIMULA wilsonii"
3024,"Primulaceae","PRIMULA wilsonii dark"
3025,"Primulaceae","PRIMULA wilsonii subsp. anisodora"
2944,"Primulaceae","PRIMULA x bulleesiana"
3026,"Primulaceae","PRIMULA zambalensis"
3028,"Liliaceae","PROSARTES hookeri"
3029,"Liliaceae","PROSARTES smithii"
3030,"Asphodelaceae","PROSPERO autumnale"
5287,"Rosaceae","PRUNUS ilicifolia"
3032,"Rosaceae","PRUNUS prostrata"
3034,"Asphodelaceae","PSEUDOMUSCARI azureum"
3035,"Asphodelaceae","PSEUDOMUSCARI chalusicum"
3036,"Asphodelaceae","PSEUDOMUSCARI coeleste"
3037,"Asphodelaceae","PSEUDOMUSCARI pallens"
3107,"Asphodelaceae","PUSCHKINIA scilloides subsp. libanotica"
3119,"Ranunculaceae","RANUNCULUS acris 'Sulphureus'"
3120,"Ranunculaceae","RANUNCULUS alpestris"
3121,"Ranunculaceae","RANUNCULUS amplexicaulis"
3122,"Ranunculaceae","RANUNCULUS calandrinioides"
3123,"Ranunculaceae","RANUNCULUS cortusifolius"
3124,"Ranunculaceae","RANUNCULUS gramineus"
3125,"Ranunculaceae","RANUNCULUS multiscapus"
3126,"Ranunculaceae","RANUNCULUS nivicola"
3127,"Ranunculaceae","RANUNCULUS parnassifolius"
5291,"Ranunculaceae","RANUNCULUS piliferus"
3167,"Hypericaceae","RHODOHYPOXIS baurii"
3168,"Hypericaceae","RHODOHYPOXIS baurii mixed"
3169,"Amaryllidaceae","RHODOPHIALA advena"
3170,"Amaryllidaceae","RHODOPHIALA araucana"
3171,"Amaryllidaceae","RHODOPHIALA bagnoldii"
3172,"Amaryllidaceae","RHODOPHIALA bifida"
3173,"Amaryllidaceae","RHODOPHIALA montana"
3178,"Iridaceae","ROMULEA bulbocodium"
3179,"Iridaceae","ROMULEA bulbocodium 'Jenny Robinson'"
3180,"Iridaceae","ROMULEA bulbocodium subsp. crocea"
3181,"Iridaceae","ROMULEA camerooniana"
3182,"Iridaceae","ROMULEA campanuloides"
3183,"Iridaceae","ROMULEA columnae subsp. grandiscapa"
3184,"Iridaceae","ROMULEA hirta"
3185,"Iridaceae","ROMULEA komsbergensis"
3186,"Iridaceae","ROMULEA linaresii"
3187,"Iridaceae","ROMULEA linaresii subsp. graeca"
3188,"Iridaceae","ROMULEA macowanii"
3189,"Iridaceae","ROMULEA melitensis"
3190,"Iridaceae","ROMULEA minutiflora"
3191,"Iridaceae","ROMULEA nivalis"
3192,"Iridaceae","ROMULEA pratensis"
3193,"Iridaceae","ROMULEA ramiflora"
3194,"Iridaceae","ROMULEA requienii"
3195,"Iridaceae","ROMULEA rosea"
3196,"Iridaceae","ROMULEA sabulosa"
3197,"Iridaceae","ROMULEA saldanhensis"
3198,"Iridaceae","ROMULEA tempskyana"
3199,"Iridaceae","ROMULEA tetragona"
3200,"Iridaceae","ROMULEA thodei"
3201,"Iridaceae","ROMULEA tubulosa"
3216,"Zingiberaceae","ROSCOEA alpina"
3217,"Zingiberaceae","ROSCOEA alpina CC1820"
3218,"Zingiberaceae","ROSCOEA auriculata 'Floriade'"
3219,"Zingiberaceae","ROSCOEA australis"
3220,"Zingiberaceae","ROSCOEA cautleyoides"
3221,"Zingiberaceae","ROSCOEA cautleyoides 'Kew Beauty'"
3222,"Zingiberaceae","ROSCOEA cautleyoides 'Stephanie Bloom'"
3223,"Zingiberaceae","ROSCOEA cautleyoides f. atropurpurea"
3224,"Zingiberaceae","ROSCOEA humeana"
3227,"Zingiberaceae","ROSCOEA humeana 'Harvington Royale'"
3228,"Zingiberaceae","ROSCOEA humeana 'McBeath's Pink'"
3225,"Zingiberaceae","ROSCOEA humeana SBLE636"
3229,"Zingiberaceae","ROSCOEA humeana f. alba"
3226,"Zingiberaceae","ROSCOEA humeana yellow"
3230,"Zingiberaceae","ROSCOEA purpurea"
3231,"Zingiberaceae","ROSCOEA purpurea 'Emperor Strain'"
3232,"Zingiberaceae","ROSCOEA purpurea 'Vincent'"
3233,"Zingiberaceae","ROSCOEA purpurea 'Wisley Amethyst'"
3234,"Zingiberaceae","ROSCOEA schneideriana"
3235,"Zingiberaceae","ROSCOEA scillifolia"
3236,"Zingiberaceae","ROSCOEA scillifolia f. atropurpurea"
3237,"Zingiberaceae","ROSCOEA tibetica"
3248,"Lamiaceae","SALVIA 'Blue Note'"
3249,"Lamiaceae","SALVIA 'Jezebel'"
3250,"Lamiaceae","SALVIA albimaculata"
3251,"Lamiaceae","SALVIA amplexicaulis"
3252,"Lamiaceae","SALVIA apiana"
5294,"Lamiaceae","SALVIA apiana"
3253,"Lamiaceae","SALVIA blepharochlaena"
3254,"Lamiaceae","SALVIA bulleyana"
3255,"Lamiaceae","SALVIA caespitosa aff."
3256,"Lamiaceae","SALVIA campanulata aff.  CC7473"
3257,"Lamiaceae","SALVIA candelabrum"
3258,"Lamiaceae","SALVIA canescens"
3259,"Lamiaceae","SALVIA canescens subsp. daghestanica"
3260,"Lamiaceae","SALVIA cryptantha"
3261,"Lamiaceae","SALVIA forsskaolei"
3262,"Lamiaceae","SALVIA glutinosa"
3263,"Lamiaceae","SALVIA hians"
3264,"Lamiaceae","SALVIA hians aff"
3265,"Lamiaceae","SALVIA macrophylla"
3266,"Lamiaceae","SALVIA microphylla 'Cerro Potosi'"
3267,"Lamiaceae","SALVIA nemorosa 'Caradonna'"
3268,"Lamiaceae","SALVIA nubicola CC7337"
3269,"Lamiaceae","SALVIA officinalis subsp. dalmatica"
5295,"Lamiaceae","SALVIA pachyphylla"
3270,"Lamiaceae","SALVIA patens"
3271,"Lamiaceae","SALVIA patens 'Cambridge Blue'"
3272,"Lamiaceae","SALVIA patens 'Oceania'"
5296,"Lamiaceae","SALVIA pratensis"
3273,"Lamiaceae","SALVIA przewalskii"
3274,"Lamiaceae","SALVIA radula"
3275,"Lamiaceae","SALVIA regeliana"
3276,"Lamiaceae","SALVIA ringens"
3277,"Lamiaceae","SALVIA roemeriana"
3278,"Lamiaceae","SALVIA sclarea f. rosea"
3279,"Lamiaceae","SALVIA sclarea subsp. turkestanica"
3280,"Lamiaceae","SALVIA somalensis"
3246,"Lamiaceae","SALVIA sp. mauve 20cm"
3247,"Lamiaceae","SALVIA sp. purple 1m tall"
3282,"Lamiaceae","SALVIA transsylvanica"
3283,"Lamiaceae","SALVIA verticillata"
3284,"Lamiaceae","SALVIA viridis"
3285,"Lamiaceae","SALVIA viscosa"
3281,"Lamiaceae","SALVIA x superba"
3286,"Papaveraceae","SANGUINARIA canadensis"
3306,"Aristolochiaceae","SARUMA henryi"
3307,"Araceae","SAUROMATUM venosum"
3364,"Asphodelaceae","SCILLA amoena"
3365,"Asphodelaceae","SCILLA autumnalis"
3366,"Asphodelaceae","SCILLA bifolia"
3367,"Asphodelaceae","SCILLA cilicica"
3368,"Asphodelaceae","SCILLA cilicica RRW9628"
3369,"Asphodelaceae","SCILLA forbesii"
3370,"Asphodelaceae","SCILLA forbesii 'Pink Giant'"
3371,"Asphodelaceae","SCILLA greilhuberi"
3372,"Asphodelaceae","SCILLA haemorrhoidalis"
3373,"Asphodelaceae","SCILLA ingridiae subsp. taurica"
3374,"Asphodelaceae","SCILLA liliohyacinthus"
3375,"Asphodelaceae","SCILLA litardierei"
3376,"Asphodelaceae","SCILLA messeniaca"
3377,"Asphodelaceae","SCILLA monophyllos"
3378,"Asphodelaceae","SCILLA morrisii"
3379,"Asphodelaceae","SCILLA peruviana"
3380,"Asphodelaceae","SCILLA puschkinioides"
3381,"Asphodelaceae","SCILLA sardensis"
3382,"Asphodelaceae","SCILLA scilloides"
3383,"Asphodelaceae","SCILLA siberica"
3384,"Asphodelaceae","SCILLA verna"
3387,"Liliaceae","SCOLIOPUS bigelovii"
3486,"Iridaceae","SISYRINCHIUM angustifolium"
3487,"Iridaceae","SISYRINCHIUM biflorum"
3488,"Iridaceae","SISYRINCHIUM californicum"
3489,"Iridaceae","SISYRINCHIUM chilense"
3490,"Iridaceae","SISYRINCHIUM depauperatum"
3491,"Iridaceae","SISYRINCHIUM idahoense"
3492,"Iridaceae","SISYRINCHIUM idahoense f. album"
3493,"Iridaceae","SISYRINCHIUM idahoense subsp. bellum var.  'Rocky Point'"
3494,"Iridaceae","SISYRINCHIUM macrocarpum"
3495,"Iridaceae","SISYRINCHIUM micranthum"
3496,"Iridaceae","SISYRINCHIUM montanum"
3497,"Iridaceae","SISYRINCHIUM palmifolium"
3485,"Iridaceae","SISYRINCHIUM sp. white"
3498,"Iridaceae","SISYRINCHIUM striatum"
3519,"Iridaceae","SPARAXIS roxburghii"
3520,"Iridaceae","SPARAXIS villosa"
3521,"Amaryllidaceae","SPILOXENE canaliculata ?"
3523,"Amaryllidaceae","SPREKELIA formosissima"
3534,"Amaryllidaceae","STERNBERGIA greuteriana"
3535,"Amaryllidaceae","STERNBERGIA greuteriana aff. ex Karpathos"
3536,"Amaryllidaceae","STERNBERGIA lutea"
3537,"Amaryllidaceae","STERNBERGIA sicula"
3538,"Amaryllidaceae","STERNBERGIA sicula 'John Marr' JRM3186/75"
3567,"Tecophilaeaceae","TECOPHILAEA cyanocrocus"
3568,"Tecophilaeaceae","TECOPHILAEA cyanocrocus mixed forms"
3569,"Tecophilaeaceae","TECOPHILAEA violiflora"
3604,"Iridaceae","TIGRIDIA pavonia"
3605,"Iridaceae","TIGRIDIA pavonia 'Lilacea'"
3606,"Iridaceae","TIGRIDIA pringlei"
3607,"Iridaceae","TIGRIDIA van-houttei"
5312,"Melanthiaceae","TOXICOSCORDION fremontii cf."
5313,"Melanthiaceae","TOXICOSCORDION venenosum"
3627,"Liliaceae","TRICYRTIS formosana"
3628,"Liliaceae","TRICYRTIS formosana 'Autumn Glow'"
3629,"Liliaceae","TRICYRTIS hirta"
3630,"Liliaceae","TRICYRTIS latifolia"
5315,"Primulaceae","TRIENTALIS europaea"
3631,"Fabaceae","TRIFOLIUM trichocephalum"
3632,"Melanthiaceae","TRILLIUM albidum"
3633,"Melanthiaceae","TRILLIUM angustipetalum"
3634,"Melanthiaceae","TRILLIUM cernuum"
3635,"Melanthiaceae","TRILLIUM chloropetalum"
3636,"Melanthiaceae","TRILLIUM chloropetalum red"
3637,"Melanthiaceae","TRILLIUM chloropetalum var. giganteum"
3638,"Melanthiaceae","TRILLIUM chloropetalum var. giganteum best leaf form"
3639,"Melanthiaceae","TRILLIUM cuneatum"
3640,"Melanthiaceae","TRILLIUM erectum"
3641,"Melanthiaceae","TRILLIUM erectum cream"
3642,"Melanthiaceae","TRILLIUM erectum dark red short"
3643,"Melanthiaceae","TRILLIUM erectum pale pink"
5316,"Melanthiaceae","TRILLIUM erectum red"
3644,"Melanthiaceae","TRILLIUM flexipes"
3645,"Melanthiaceae","TRILLIUM grandiflorum"
3646,"Melanthiaceae","TRILLIUM grandiflorum f. roseum"
3647,"Melanthiaceae","TRILLIUM kurabayashii"
3648,"Melanthiaceae","TRILLIUM kurabayashii hybrid"
3649,"Melanthiaceae","TRILLIUM ovatum"
3650,"Melanthiaceae","TRILLIUM ovatum subsp. hibbersonii"
3651,"Melanthiaceae","TRILLIUM parviflorum"
3652,"Melanthiaceae","TRILLIUM parviflorum x kurabayashii"
3653,"Melanthiaceae","TRILLIUM recurvatum"
3655,"Melanthiaceae","TRILLIUM rivale 'Purple Heart' JCA1.922.321"
3656,"Melanthiaceae","TRILLIUM rivale f. rosea"
3654,"Melanthiaceae","TRILLIUM rivale spotted"
3657,"Melanthiaceae","TRILLIUM sessile"
3658,"Melanthiaceae","TRILLIUM simile"
3659,"Melanthiaceae","TRILLIUM sulcatum"
3660,"Melanthiaceae","TRILLIUM undulatum"
3663,"Amaryllidaceae","TRISTAGMA bivalve"
3664,"Amaryllidaceae","TRISTAGMA leichtlinii"
3665,"Amaryllidaceae","TRISTAGMA sessile"
5317,"Asphodelaceae","TRITELEIA bridgesii"
3666,"Asphodelaceae","TRITELEIA hendersonii"
5318,"Asphodelaceae","TRITELEIA hyacinthina"
3667,"Asphodelaceae","TRITELEIA ixioides subsp. anilina NNS02-321"
3668,"Asphodelaceae","TRITELEIA ixioides subsp. scabra"
5319,"Asphodelaceae","TRITELEIA laxa"
3669,"Asphodelaceae","TRITELEIA laxa 'Dexter'"
3670,"Asphodelaceae","TRITELEIA laxa 'Koningin Fabiola'"
3671,"Asphodelaceae","TRITELEIA peduncularis"
5320,"Asphodelaceae","TRITELEIA peduncularis"
3672,"Iridaceae","TRITONIA disticha"
3684,"Tropaeolaceae","TROPAEOLUM austropurpureum"
3685,"Tropaeolaceae","TROPAEOLUM brachyceras"
3686,"Tropaeolaceae","TROPAEOLUM majus 'Orchid Flame'"
3687,"Tropaeolaceae","TROPAEOLUM speciosum"
3688,"Tropaeolaceae","TROPAEOLUM tricolor"
3689,"Amaryllidaceae","TULBAGHIA 'John May's Special'"
3690,"Amaryllidaceae","TULBAGHIA galpinii"
3691,"Amaryllidaceae","TULBAGHIA natalensis"
3692,"Amaryllidaceae","TULBAGHIA simmleri"
3693,"Amaryllidaceae","TULBAGHIA simmleri white"
3694,"Amaryllidaceae","TULBAGHIA violacea"
3695,"Amaryllidaceae","TULBAGHIA violacea f. alba"
3696,"Amaryllidaceae","TULBAGHIA violacea subsp. maritima"
3697,"Amaryllidaceae","TULBAGHIA violacea subsp. robustior"
3699,"Liliaceae","TULIPA 'Don Cossack'"
3700,"Liliaceae","TULIPA 'The First'"
3701,"Liliaceae","TULIPA 'Zurel'"
3702,"Liliaceae","TULIPA armena"
3703,"Liliaceae","TULIPA biflora"
3704,"Liliaceae","TULIPA binutans"
3705,"Liliaceae","TULIPA clusiana"
3707,"Liliaceae","TULIPA clusiana 'Cynthia'"
3706,"Liliaceae","TULIPA clusiana mixed cvs"
3708,"Liliaceae","TULIPA clusiana subsp. chrysantha"
3709,"Liliaceae","TULIPA cretica"
3710,"Liliaceae","TULIPA ferganica"
3711,"Liliaceae","TULIPA gesneriana"
3712,"Liliaceae","TULIPA hissarica"
3713,"Liliaceae","TULIPA iliensis"
3714,"Liliaceae","TULIPA kaufmanniana"
3715,"Liliaceae","TULIPA lemmersii"
3716,"Liliaceae","TULIPA linifolia"
3717,"Liliaceae","TULIPA montana"
3718,"Liliaceae","TULIPA polychroma"
3719,"Liliaceae","TULIPA saxatilis subsp. bakeri var.  'Lilac Wonder'"
3698,"Liliaceae","TULIPA sp. JCA17630"
3720,"Liliaceae","TULIPA sprengeri"
3721,"Liliaceae","TULIPA sprengeri 'Trotter's Form'"
3722,"Liliaceae","TULIPA sylvestris"
3723,"Liliaceae","TULIPA sylvestris subsp. australis"
3724,"Liliaceae","TULIPA tarda"
3725,"Liliaceae","TULIPA tetraphylla"
3726,"Liliaceae","TULIPA turkestanica"
3727,"Liliaceae","TULIPA vvedenskyi"
3728,"Liliaceae","TULIPA whittallii"
3729,"Crassulaceae","UMBILICUS rupestris"
3741,"Asphodelaceae","VELTHEIMIA bracteata"
3740,"Asphodelaceae","VELTHEIMIA sp. yellow"
3742,"Melanthiaceae","VERATRUM nigrum"
3813,"Haemodoraceae","WACHENDORFIA thyrsiflora"
3815,"Iridaceae","WATSONIA aletroides"
3816,"Iridaceae","WATSONIA borbonica"
3817,"Iridaceae","WATSONIA marginata"
3818,"Iridaceae","WATSONIA marlothii"
3819,"Iridaceae","WATSONIA pillansii hybrid pink"
3823,"Colchicaceae","WURMBEA stricta"
5325,"Melanthiaceae","XEROPHYLLUM tenax"
3826,"Tecophilaeaceae","ZEPHYRA elegans"
3827,"Amaryllidaceae","ZEPHYRANTHES 'Big Dude'"
3828,"Amaryllidaceae","ZEPHYRANTHES atamasco"
3830,"Amaryllidaceae","ZEPHYRANTHES katheriniae f. rubra"
3829,"Amaryllidaceae","ZEPHYRANTHES katheriniae red"
3831,"Amaryllidaceae","ZEPHYRANTHES minuta"
3832,"Amaryllidaceae","ZEPHYRANTHES miradorensis"
3833,"Melanthiaceae","ZIGADENUS elegans"
